-- MySQL dump 10.13  Distrib 8.0.22, for Linux (x86_64)
--
-- Host: localhost    Database: airnoise
-- ------------------------------------------------------
-- Server version	8.0.22

/*!40101 SET @OLD_CHARACTER_SET_CLIENT=@@CHARACTER_SET_CLIENT */;
/*!40101 SET @OLD_CHARACTER_SET_RESULTS=@@CHARACTER_SET_RESULTS */;
/*!40101 SET @OLD_COLLATION_CONNECTION=@@COLLATION_CONNECTION */;
/*!50503 SET NAMES utf8mb4 */;
/*!40103 SET @OLD_TIME_ZONE=@@TIME_ZONE */;
/*!40103 SET TIME_ZONE='+00:00' */;
/*!40014 SET @OLD_UNIQUE_CHECKS=@@UNIQUE_CHECKS, UNIQUE_CHECKS=0 */;
/*!40014 SET @OLD_FOREIGN_KEY_CHECKS=@@FOREIGN_KEY_CHECKS, FOREIGN_KEY_CHECKS=0 */;
/*!40101 SET @OLD_SQL_MODE=@@SQL_MODE, SQL_MODE='NO_AUTO_VALUE_ON_ZERO' */;
/*!40111 SET @OLD_SQL_NOTES=@@SQL_NOTES, SQL_NOTES=0 */;

--
-- Table structure for table `aircrafts`
--

DROP TABLE IF EXISTS `aircrafts`;
/*!40101 SET @saved_cs_client     = @@character_set_client */;
/*!50503 SET character_set_client = utf8mb4 */;
CREATE TABLE `aircrafts` (
  `id_aircraft` int NOT NULL AUTO_INCREMENT,
  `identifier` varchar(45) NOT NULL,
  `description` varchar(200) DEFAULT NULL,
  PRIMARY KEY (`id_aircraft`),
  UNIQUE KEY `identifier_UNIQUE` (`identifier`)
) ENGINE=InnoDB AUTO_INCREMENT=23 DEFAULT CHARSET=latin1;
/*!40101 SET character_set_client = @saved_cs_client */;

--
-- Dumping data for table `aircrafts`
--

LOCK TABLES `aircrafts` WRITE;
/*!40000 ALTER TABLE `aircrafts` DISABLE KEYS */;
INSERT INTO `aircrafts` VALUES (0,'A340-6* (Trent 556A2-61)','In the ANP appears in the acoustic class TRENT5.'),(1,'A320-2xx (CFM56-5)','In the ANP the A320-211 is in the acoustic class CFM565. Airbus builds the A320-2 * with 2 types of engines.'),(2,'A320-2xx (V25xx)','In the ANP the A320-232 is in the acoustic class V2527A. Airbus builds the A320-2 * with 2 types of engines.'),(3,'A319-1xx (CFM56-5)','In the ANP only the A319-131 with V2522-A5 engines appears but there are 2 variants.'),(4,'A319-1xx (V25xx)','In the ANP appears the A319-131 with V2522-A5 engines. Airbus builds the A319 with CFM56-5B and V2500-A5 engines.'),(5,'ATR42-300 (PW120)','In the ANP it does not appear but there is a class PW120 to which the DASH 8-100 and DASH 8-300 belong.'),(6,'ATR42-500 (PW127E)','It does not appear in the ANP.'),(7,'ATR72-600 (PW127M)','It does not appear in the ANP.'),(8,'B737-3xx (CFM56-3)','In the ANP both 737-300 and 737-3B2 appear in the acoustic class CFM563.'),(9,'B737-8xx (CF56-7B22+)','In the ANP both 737-700 and 737-800 are mapped to the same acoustic class CF567B.'),(10,'B737-7xx (CF56-7B22-)','In the ANP both 737-700 and 737-800 are mapped to the same acoustic class CF567B.'),(11,'ERJ145 (AE3007)','In the ANP both EMB145 and EMB14L are mapped to the acoustic class AE3007.'),(12,'ERJ170/175 (CF34-8E)','It does not appear in the ANP.'),(13,'ERJ190 (CF34-10E)','It does not appear in the ANP.'),(14,'MD-8x (2JT8D2)','In the ANP aircrafts MD81, MD82 and MD83 are grouped in the same acoustic class 2JT8D2.'),(15,'TU204 (PS-90A)','It does not appear in the ANP.'),(16,'SU95 (SaM 146)','It does not appear in the ANP. Sukoi.'),(17,'787-8 Dreamliner (GEnx-1B)','It does not appear in the ANP.'),(18,'B767-3* (PW4060)','In the ANP appears in the acoustic class 2CF680.'),(19,'B747-8* (GEnx-2B67)','It does not appear in the ANP.'),(20,'B747-4*(CF6-80C2B5F)','It does not appear in the ANP.'),(21,'CRJ200 (CF34-3B1)','It does not appear in the ANP.');
/*!40000 ALTER TABLE `aircrafts` ENABLE KEYS */;
UNLOCK TABLES;

--
-- Table structure for table `measurements`
--

DROP TABLE IF EXISTS `measurements`;
/*!40101 SET @saved_cs_client     = @@character_set_client */;
/*!50503 SET character_set_client = utf8mb4 */;
CREATE TABLE `measurements` (
  `id_measurement` int NOT NULL AUTO_INCREMENT,
  `url` varchar(200) NOT NULL,
  `aircraft` int NOT NULL,
  `quality` int NOT NULL,
  `runway` int NOT NULL,
  `metar` varchar(200) NOT NULL,
  `description` varchar(200) DEFAULT NULL,
  PRIMARY KEY (`id_measurement`),
  UNIQUE KEY `url_UNIQUE` (`url`),
  KEY `fk_measurements_quality_idx` (`quality`),
  KEY `fk_measurements_runways_idx` (`runway`),
  CONSTRAINT `fk_quality_m` FOREIGN KEY (`quality`) REFERENCES `quality` (`id_quality`) ON DELETE CASCADE ON UPDATE CASCADE,
  CONSTRAINT `fk_runways_m` FOREIGN KEY (`runway`) REFERENCES `runways` (`id_runway`) ON DELETE RESTRICT ON UPDATE RESTRICT
) ENGINE=InnoDB AUTO_INCREMENT=190 DEFAULT CHARSET=latin1;
/*!40101 SET character_set_client = @saved_cs_client */;

--
-- Dumping data for table `measurements`
--

LOCK TABLES `measurements` WRITE;
/*!40000 ALTER TABLE `measurements` DISABLE KEYS */;
INSERT INTO `measurements` VALUES (1,'2013-03-23\\2.tdms',1,1,1,'SPECI MMMX 231445Z 18004KT 10SM SKC 20/M03 A3032 NOSIG RMK HZY=','(XA-KNO) Birds all the time.'),(2,'2013-03-23\\3.tdms',6,2,1,'SPECI MMMX 231445Z 18004KT 10SM SKC 20/M03 A3032 NOSIG RMK HZY=','(XA-TRI) Birds at the beginning, truck in the middle and birds and wind at the end with other low noises.'),(3,'2013-03-23\\4.tdms',8,3,2,'METAR MMMX 231448Z 18007KT 10SM SKC 20/M03 A3032 NOSIG RMK SLP080 52017 928 HZY=','(XA-VIL) Car at the beginning and aircraft close taxiing all the time. Very bad quality.'),(4,'2013-03-23\\5.tdms',11,2,1,'METAR MMMX 231448Z 18007KT 10SM SKC 20/M03 A3032 NOSIG RMK SLP080 52017 928 HZY=','(XA-WAC) Low noises at the beginning, aircraft taxiing all time.'),(5,'2013-03-23\\6.tdms',2,2,1,'METAR MMMX 231448Z 18007KT 10SM SKC 20/M03 A3032 NOSIG RMK SLP080 52017 928 HZY=','(N431UA) Aircraft taxiing all time, car at the end.'),(6,'2013-03-23\\8.tdms',1,1,1,'METAR MMMX 231448Z 18007KT 10SM SKC 20/M03 A3032 NOSIG RMK SLP080 52017 928 HZY=','(XA-UHE) Birds at the beginning and impulsive noise as well as at the end.'),(7,'2013-03-23\\9.tdms',15,1,1,'METAR MMMX 231448Z 18007KT 10SM SKC 20/M03 A3032 NOSIG RMK SLP080 52017 928 HZY=','(CUT1702) Dog barks and car at the beginning and birds all time.'),(8,'2013-03-23\\10.tdms',13,1,1,'METAR MMMX 231448Z 18007KT 10SM SKC 20/M03 A3032 NOSIG RMK SLP080 52017 928 HZY=','(XA-ACJ) Birds all time.'),(9,'2013-03-23\\11.tdms',2,1,1,'METAR MMMX 231448Z 18007KT 10SM SKC 20/M03 A3032 NOSIG RMK SLP080 52017 928 HZY=','(XA-VOX) Birds and light wind at the beginning.'),(10,'2013-03-23\\12.tdms',10,2,1,'METAR MMMX 231448Z 18007KT 10SM SKC 20/M03 A3032 NOSIG RMK SLP080 52017 928 HZY=','(N855AM) Birds at the beginning, impulse noise at the middle and aircraft taxing all time.'),(11,'2013-03-23\\13.tdms',11,1,1,'METAR MMMX 231448Z 18007KT 10SM SKC 20/M03 A3032 NOSIG RMK SLP080 52017 928 HZY=','(XA-LLI) Birds all time and impulsive noises.'),(12,'2013-03-23\\14.tdms',1,1,1,'METAR MMMX 231448Z 18007KT 10SM SKC 20/M03 A3032 NOSIG RMK SLP080 52017 928 HZY=','(XA-IJA) Birds all time and aircraft taxiing far away.'),(13,'2013-03-23\\15.tdms',1,1,1,'METAR MMMX 231448Z 18007KT 10SM SKC 20/M03 A3032 NOSIG RMK SLP080 52017 928 HZY=','(XA-VFI) Birds all time and dog barks.'),(14,'2013-03-23\\16.tdms',1,1,1,'METAR MMMX 231448Z 18007KT 10SM SKC 20/M03 A3032 NOSIG RMK SLP080 52017 928 HZY=','(XA-ZIH) Dog barks, birds all time and wind at the beginning.'),(15,'2013-09-13\\1.tdms',3,1,1,'METAR MMMX 131344Z 34005KT 8SM FEW015 BKN020 OVC070 16/11 A3014 NOSIG RMK 8/87/ HZY VC PCPN 1QUAD=','(LY-VET) Birds and wind all time and voices at the very end.'),(16,'2013-09-13\\2.tdms',9,1,1,'METAR MMMX 131344Z 34005KT 8SM FEW015 BKN020 OVC070 16/11 A3014 NOSIG RMK 8/87/ HZY VC PCPN 1QUAD=','(N864NN) Dog barks.'),(17,'2013-09-13\\4.tdms',1,1,1,'METAR MMMX 131423Z 34009KT 8SM FEW015 BKN020 OVC080 16/11 A3014 NOSIG RMK 8/87/ HZY PCPN 3QUAD BINOVC=','(XA-BAV) Birds and dog barks at the beginning.'),(18,'2013-09-13\\7.tdms',13,2,2,'METAR MMMX 131423Z 34009KT 8SM FEW015 BKN020 OVC080 16/11 A3014 NOSIG RMK 8/87/ HZY PCPN 3QUAD BINOVC=','(XA-BAC) Wind and dog barks at the beginning and a car very loud at the end.'),(19,'2013-09-13\\8.tdms',4,2,1,'METAR MMMX 131423Z 34009KT 8SM FEW015 BKN020 OVC080 16/11 A3014 NOSIG RMK 8/87/ HZY PCPN 3QUAD BINOVC=','(XA-VOE) Moderate wind all time, impulsive noise in the middle and birds.'),(20,'2013-09-13\\9.tdms',10,1,2,'METAR MMMX 131423Z 34009KT 8SM FEW015 BKN020 OVC080 16/11 A3014 NOSIG RMK 8/87/ HZY PCPN 3QUAD BINOVC=','(UNKOWN) There is no certainty of the aircraft class. Wind and dog barks.'),(21,'2013-09-13\\10.tdms',10,3,1,'METAR MMMX 131423Z 34009KT 8SM FEW015 BKN020 OVC080 16/11 A3014 NOSIG RMK 8/87/ HZY PCPN 3QUAD BINOVC=','(UNKOWN) There is no certainty of the aircraft class. Dog barks and wind at the end.'),(22,'2013-09-13\\11.tdms',13,1,1,'METAR MMMX 131423Z 34009KT 8SM FEW015 BKN020 OVC080 16/11 A3014 NOSIG RMK 8/87/ HZY PCPN 3QUAD BINOVC=','(XA-ACE) Wind and birds at the beginning and low noises at the end.'),(23,'2013-09-13\\12.tdms',1,1,1,'METAR MMMX 131423Z 34009KT 8SM FEW015 BKN020 OVC080 16/11 A3014 NOSIG RMK 8/87/ HZY PCPN 3QUAD BINOVC=','(XA-ALM) Voices at the very beginning and at the very end.'),(24,'2013-09-13\\13.tdms',10,2,2,'METAR MMMX 131423Z 34009KT 8SM FEW015 BKN020 OVC080 16/11 A3014 NOSIG RMK 8/87/ HZY PCPN 3QUAD BINOVC=','(XA-GOL) Wind, dog barks and impulsive noises.'),(25,'2013-09-13\\14.tdms',1,1,1,'METAR MMMX 131452Z 35010KT 10SM FEW015 BKN020 BKN080 OVC200 17/11 A3014 NOSIG RMK SLP058 52005 967 8/837 HZY=','(XA-IJA) Low birds noise at the beginning, wind at the end.'),(26,'2013-09-13\\16.tdms',2,1,1,'METAR MMMX 131452Z 35010KT 10SM FEW015 BKN020 BKN080 OVC200 17/11 A3014 NOSIG RMK SLP058 52005 967 8/837 HZY=','(N515VL) Car at the beginning and birds.'),(27,'2013-09-13\\17.tdms',4,1,1,'METAR MMMX 131452Z 35010KT 10SM FEW015 BKN020 BKN080 OVC200 17/11 A3014 NOSIG RMK SLP058 52005 967 8/837 HZY=','(XA-VOA) Wind and low noises at the beginning.'),(28,'2013-09-13\\18.tdms',1,2,1,'METAR MMMX 131452Z 35010KT 10SM FEW015 BKN020 BKN080 OVC200 17/11 A3014 NOSIG RMK SLP058 52005 967 8/837 HZY=','(XA-KNG) Aircraft taxiing all time and car at the beginning.'),(29,'2013-09-13\\19.tdms',4,2,1,'METAR MMMX 131452Z 35010KT 10SM FEW015 BKN020 BKN080 OVC200 17/11 A3014 NOSIG RMK SLP058 52005 967 8/837 HZY=','(XA-VOD) Dog barks and aircraft taxiing.'),(30,'2013-09-13\\20.tdms',9,1,1,'METAR MMMX 131452Z 35010KT 10SM FEW015 BKN020 BKN080 OVC200 17/11 A3014 NOSIG RMK SLP058 52005 967 8/837 HZY=','(N520AM) Light wind at the beginning.'),(31,'2013-09-13\\21.tdms',1,2,1,'METAR MMMX 131452Z 35010KT 10SM FEW015 BKN020 BKN080 OVC200 17/11 A3014 NOSIG RMK SLP058 52005 967 8/837 HZY=','(XA-XII) Wind at the beginning and loud aircraft taxiing noise at the end.'),(32,'2013-09-13\\22.tdms',1,1,1,'METAR MMMX 131452Z 35010KT 10SM FEW015 BKN020 BKN080 OVC200 17/11 A3014 NOSIG RMK SLP058 52005 967 8/837 HZY=','(XA-JMA) Wind at the beginning.'),(33,'2013-09-13\\23.tdms',10,1,1,'METAR MMMX 131452Z 35010KT 10SM FEW015 BKN020 BKN080 OVC200 17/11 A3014 NOSIG RMK SLP058 52005 967 8/837 HZY=','(N308DE)'),(34,'2013-09-13\\25.tdms',1,1,1,'METAR MMMX 131452Z 35010KT 10SM FEW015 BKN020 BKN080 OVC200 17/11 A3014 NOSIG RMK SLP058 52005 967 8/837 HZY=','(XA-ZIH) Birds and wind at the beginning and the end.'),(35,'2013-09-13\\26.tdms',8,2,2,'METAR MMMX 131452Z 35010KT 10SM FEW015 BKN020 BKN080 OVC200 17/11 A3014 NOSIG RMK SLP058 52005 967 8/837 HZY=','(XA-VIK) Aircraft taxiing all time.'),(36,'2013-09-13\\28.tdms',1,1,1,'METAR MMMX 131452Z 35010KT 10SM FEW015 BKN020 BKN080 OVC200 17/11 A3014 NOSIG RMK SLP058 52005 967 8/837 HZY=','(XA-VIP) Birds all time and car at the end.'),(37,'2013-09-13\\29.tdms',1,1,1,'METAR MMMX 131452Z 35010KT 10SM FEW015 BKN020 BKN080 OVC200 17/11 A3014 NOSIG RMK SLP058 52005 967 8/837 HZY=','(XA-ACO) Birds all time and wind at the very end.'),(38,'2013-09-13\\30.tdms',13,3,2,'METAR MMMX 131452Z 35010KT 10SM FEW015 BKN020 BKN080 OVC200 17/11 A3014 NOSIG RMK SLP058 52005 967 8/837 HZY=','(XA-ACC) Voice and cars travelling all time very close.'),(39,'2013-09-13\\31.tdms',9,1,1,'METAR MMMX 131452Z 35010KT 10SM FEW015 BKN020 BKN080 OVC200 17/11 A3014 NOSIG RMK SLP058 52005 967 8/837 HZY=','(N14242) Birds.'),(40,'2013-09-13\\32.tdms',12,1,1,'METAR MMMX 131452Z 35010KT 10SM FEW015 BKN020 BKN080 OVC200 17/11 A3014 NOSIG RMK SLP058 52005 967 8/837 HZY=','(XA-ACX) Voice at the beginning and moderate wind at the end.'),(41,'2013-09-13\\33.tdms',13,1,1,'METAR MMMX 131452Z 35010KT 10SM FEW015 BKN020 BKN080 OVC200 17/11 A3014 NOSIG RMK SLP058 52005 967 8/837 HZY=','(XA-ACT)'),(42,'2013-09-13\\34.tdms',13,2,1,'METAR MMMX 131523Z 36010KT 12SM FEW015 BKN020 BKN080 OVC200 17/11 A3015 NOSIG RMK 8/837 HZY BINOVC=','(XA-ACN) Heavy wind at the beginning and birds at the end.'),(43,'2013-09-13\\35.tdms',7,1,1,'METAR MMMX 131523Z 36010KT 12SM FEW015 BKN020 BKN080 OVC200 17/11 A3015 NOSIG RMK 8/837 HZY BINOVC=','(XA-MKH) Birds and dog barks.'),(44,'2013-09-13\\36.tdms',10,2,2,'METAR MMMX 131523Z 36010KT 12SM FEW015 BKN020 BKN080 OVC200 17/11 A3015 NOSIG RMK 8/837 HZY BINOVC=','(XA-HAM) Wind and car very close at the end.'),(45,'2013-09-13\\37.tdms',9,2,2,'METAR MMMX 131523Z 36010KT 12SM FEW015 BKN020 BKN080 OVC200 17/11 A3015 NOSIG RMK 8/837 HZY BINOVC=','(XA-AMB) Wind at the beginning and impulsive noises.'),(46,'2013-09-13\\38.tdms',10,3,2,'METAR MMMX 131523Z 36010KT 12SM FEW015 BKN020 BKN080 OVC200 17/11 A3015 NOSIG RMK 8/837 HZY BINOVC=','(N126AM) Car and birds at the beginning and weird noises at the end.'),(47,'2013-09-13\\39.tdms',1,2,1,'METAR MMMX 131523Z 36010KT 12SM FEW015 BKN020 BKN080 OVC200 17/11 A3015 NOSIG RMK 8/837 HZY BINOVC=','(XA-VFI) Birds, dog barks and light noise at the beginning.'),(48,'2013-09-13\\40.tdms',9,2,2,'METAR MMMX 131523Z 36010KT 12SM FEW015 BKN020 BKN080 OVC200 17/11 A3015 NOSIG RMK 8/837 HZY BINOVC=','(HP-1716CMP) Birds at the beginning and bells at the end as well as wind.'),(49,'2013-09-13\\41.tdms',13,3,2,'METAR MMMX 131523Z 36010KT 12SM FEW015 BKN020 BKN080 OVC200 17/11 A3015 NOSIG RMK 8/837 HZY BINOVC=','(XA-FAC) Birds and other noises.'),(50,'2013-09-13\\42.tdms',1,1,1,'METAR MMMX 131546Z 02008KT 10SM FEW015 BKN020 BKN080 OVC200 18/11 A3014 NOSIG RMK 8/832 HZY BINOVC=','(XA-DOS) Birds.'),(51,'2013-09-13\\43.tdms',2,1,1,'METAR MMMX 131546Z 02008KT 10SM FEW015 BKN020 BKN080 OVC200 18/11 A3014 NOSIG RMK 8/832 HZY BINOVC=','(N520VL) Birds all time.'),(52,'2013-09-13\\44.tdms',6,2,1,'METAR MMMX 131546Z 02008KT 10SM FEW015 BKN020 BKN080 OVC200 18/11 A3014 NOSIG RMK 8/832 HZY BINOVC=','(XA-TRI) Noises at the beginning and moderate wind.'),(53,'2013-09-13\\45.tdms',5,2,1,'METAR MMMX 131546Z 02008KT 10SM FEW015 BKN020 BKN080 OVC200 18/11 A3014 NOSIG RMK 8/832 HZY BINOVC=','(XA-SJJ) Birds all time and a car.'),(54,'2013-09-13\\46.tdms',6,2,1,'METAR MMMX 131546Z 02008KT 10SM FEW015 BKN020 BKN080 OVC200 18/11 A3014 NOSIG RMK 8/832 HZY BINOVC=','(XA-TAH) Birds all time and voices.'),(55,'2013-09-13\\47.tdms',9,2,2,'METAR MMMX 131546Z 02008KT 10SM FEW015 BKN020 BKN080 OVC200 18/11 A3014 NOSIG RMK 8/832 HZY BINOVC=','(N359AM) Moderate wind at the beginning and light at the end.'),(56,'2013-09-13\\48.tdms',13,2,2,'METAR MMMX 131546Z 02008KT 10SM FEW015 BKN020 BKN080 OVC200 18/11 A3014 NOSIG RMK 8/832 HZY BINOVC=','(XA-IAC) Low noises and birds.'),(57,'2013-09-13\\49.tdms',1,1,1,'METAR MMMX 131546Z 02008KT 10SM FEW015 BKN020 BKN080 OVC200 18/11 A3014 NOSIG RMK 8/832 HZY BINOVC=','(XA-ECO) Moderate wind at the end.'),(58,'2013-09-13\\50.tdms',1,1,1,'METAR MMMX 131546Z 02008KT 10SM FEW015 BKN020 BKN080 OVC200 18/11 A3014 NOSIG RMK 8/832 HZY BINOVC=','(XA-ROA) Weird noise at the very beginning and light wind at the end.'),(59,'2013-09-13\\51.tdms',4,3,1,'METAR MMMX 131546Z 02008KT 10SM FEW015 BKN020 BKN080 OVC200 18/11 A3014 NOSIG RMK 8/832 HZY BINOVC=','(XA-VOC) Moderate wind at the beginning and very noisy at the end.'),(60,'2013-09-13\\52.tdms',11,2,1,'METAR MMMX 131546Z 02008KT 10SM FEW015 BKN020 BKN080 OVC200 18/11 A3014 NOSIG RMK 8/832 HZY BINOVC=','(XA-ZAC) Aircraft taxiing and unknown noises at the end.'),(61,'2013-09-13\\53.tdms',10,3,2,'METAR MMMX 131546Z 02008KT 10SM FEW015 BKN020 BKN080 OVC200 18/11 A3014 NOSIG RMK 8/832 HZY BINOVC=','(XA-CAM) Other aircraft background noises.'),(62,'2013-09-13\\54.tdms',13,2,2,'METAR MMMX 131546Z 02008KT 10SM FEW015 BKN020 BKN080 OVC200 18/11 A3014 NOSIG RMK 8/832 HZY BINOVC=','(XA-ACM) Cars, wind and other aircrafts noises.'),(64,'2013-09-13\\57.tdms',1,1,1,'METAR MMMX 131546Z 02008KT 10SM FEW015 BKN020 BKN080 OVC200 18/11 A3014 NOSIG RMK 8/832 HZY BINOVC=','(XA-SOB) Low bird noises.'),(65,'2013-09-13\\59.tdms',9,1,1,'METAR MMMX 131546Z 02008KT 10SM FEW015 BKN020 BKN080 OVC200 18/11 A3014 NOSIG RMK 8/832 HZY BINOVC=','(N835NN) Birds and aircraft noises at the end.'),(66,'2013-09-13\\60.tdms',10,1,2,'METAR MMMX 131546Z 02008KT 10SM FEW015 BKN020 BKN080 OVC200 18/11 A3014 NOSIG RMK 8/832 HZY BINOVC=','(N853AM) Moderate wind and birds at the end.'),(67,'2013-09-13\\62.tdms',10,2,2,'METAR MMMX 131546Z 02008KT 10SM FEW015 BKN020 BKN080 OVC200 18/11 A3014 NOSIG RMK 8/832 HZY BINOVC=','(XA-NAM) Moderate wind and other noises.'),(68,'2013-09-13\\63.tdms',1,1,1,'METAR MMMX 131546Z 02008KT 10SM FEW015 BKN020 BKN080 OVC200 18/11 A3014 NOSIG RMK 8/832 HZY BINOVC=','(XA-TLC) Birds and other aircraft noises.'),(69,'2013-09-13\\64.tdms',11,3,1,'METAR MMMX 131546Z 02008KT 10SM FEW015 BKN020 BKN080 OVC200 18/11 A3014 NOSIG RMK 8/832 HZY BINOVC=','(N11189) Aircraft taxiing very close.'),(70,'2013-09-13\\65.tdms',11,3,1,'METAR MMMX 131546Z 02008KT 10SM FEW015 BKN020 BKN080 OVC200 18/11 A3014 NOSIG RMK 8/832 HZY BINOVC=','(XA-RAC) Unkown noises very loud.'),(71,'2013-09-13\\66.tdms',6,1,1,'METAR MMMX 131546Z 02008KT 10SM FEW015 BKN020 BKN080 OVC200 18/11 A3014 NOSIG RMK 8/832 HZY BINOVC=','(XA-TPS) Unkown background noise.'),(72,'2013-09-13\\67.tdms',6,3,2,'SPECI MMMX 131625Z 35008KT 7SM -RA FEW015 BKN020 OVC070 18/11 A3014 NOSIG RMK 8/87/ HZY -RAB22=','(XA-TPR) Heavy wind all time.'),(73,'2013-09-13\\68.tdms',12,2,2,'SPECI MMMX 131625Z 35008KT 7SM -RA FEW015 BKN020 OVC070 18/11 A3014 NOSIG RMK 8/87/ HZY -RAB22=','(XA-ACP) Light wind and other noises.'),(74,'2013-09-13\\69.tdms',5,3,2,'SPECI MMMX 131625Z 35008KT 7SM -RA FEW015 BKN020 OVC070 18/11 A3014 NOSIG RMK 8/87/ HZY -RAB22=','(XA-SYH) Heavy wind and other noises.'),(75,'2013-09-13\\70.tdms',10,3,2,'SPECI MMMX 131625Z 35008KT 7SM -RA FEW015 BKN020 OVC070 18/11 A3014 NOSIG RMK 8/87/ HZY -RAB22=','(N842AM) Moderate wind.'),(76,'2013-09-13\\71.tdms',11,3,2,'SPECI MMMX 131625Z 35008KT 7SM -RA FEW015 BKN020 OVC070 18/11 A3014 NOSIG RMK 8/87/ HZY -RAB22=','(XA-BLI) Moderate wind and other noises.'),(77,'2013-09-13\\72.tdms',10,3,2,'SPECI MMMX 131625Z 35008KT 7SM -RA FEW015 BKN020 OVC070 18/11 A3014 NOSIG RMK 8/87/ HZY -RAB22=','(EI-DRE) Unkown background noise and loud noises at the end.'),(78,'2013-09-13\\74.tdms',9,1,2,'SPECI MMMX 131625Z 35008KT 7SM -RA FEW015 BKN020 OVC070 18/11 A3014 NOSIG RMK 8/87/ HZY -RAB22=','(XA-JOY) Moderate wind.'),(79,'2013-09-13\\75.tdms',13,3,2,'SPECI MMMX 131625Z 35008KT 7SM -RA FEW015 BKN020 OVC070 18/11 A3014 NOSIG RMK 8/87/ HZY -RAB22=','(XA-MAC) Moderate wind and unkown background noise.'),(80,'2014-02-21\\1.tdms',1,1,1,'METAR MMMX 211422Z 32004KT 8SM SCT200 13/03 A3033 NOSIG RMK 8/001 HZY=','(XA-IJT) Birds at the beginning and voice at the end.'),(81,'2014-02-21\\2.tdms',1,1,1,'METAR MMMX 211422Z 32004KT 8SM SCT200 13/03 A3033 NOSIG RMK 8/001 HZY=','(XA-ABC) Low birds noises and aircraf taxiing.'),(82,'2014-02-21\\3.tdms',4,2,1,'METAR MMMX 211422Z 32004KT 8SM SCT200 13/03 A3033 NOSIG RMK 8/001 HZY=','(XA-VOC) Aircraft taxiing very close and loud all time.'),(83,'2014-02-21\\4.tdms',1,2,1,'METAR MMMX 211422Z 32004KT 8SM SCT200 13/03 A3033 NOSIG RMK 8/001 HZY=','(XA-BAV) Aircraft taxiing all time.'),(84,'2014-02-21\\5.tdms',2,1,1,'METAR MMMX 211422Z 32004KT 8SM SCT200 13/03 A3033 NOSIG RMK 8/001 HZY=','(XA-VOY) Aircraft taxiing far away and bird and aircraft landing with reverse thrust at the very end.'),(85,'2014-02-21\\6.tdms',14,2,1,'METAR MMMX 211422Z 32004KT 8SM SCT200 13/03 A3033 NOSIG RMK 8/001 HZY=','(N501AA) Birds and aircraft taxiing all time.'),(86,'2014-02-21\\7.tdms',12,2,1,'METAR MMMX 211422Z 32004KT 8SM SCT200 13/03 A3033 NOSIG RMK 8/001 HZY=','(XA-ACQ) Car at the beginnig and other loud noises and a loud scream at the end.'),(87,'2014-02-21\\8.tdms',9,2,1,'METAR MMMX 211422Z 32004KT 8SM SCT200 13/03 A3033 NOSIG RMK 8/001 HZY=','(XA-AMJ) Birds all tiime.'),(88,'2014-02-21\\9.tdms',4,1,1,'METAR MMMX 211422Z 32004KT 8SM SCT200 13/03 A3033 NOSIG RMK 8/001 HZY=','(XA-VOL) Birds all tiime.'),(89,'2014-02-21\\10.tdms',9,1,1,'METAR MMMX 211422Z 32004KT 8SM SCT200 13/03 A3033 NOSIG RMK 8/001 HZY=','(XA-AMA) Birds all tiime.'),(90,'2014-02-21\\11.tdms',11,3,1,'METAR MMMX 211422Z 32004KT 8SM SCT200 13/03 A3033 NOSIG RMK 8/001 HZY=','(XA-FLI) Aircraft taxiing very close and loud. Very bad quality. Loud aircraft noises all time.'),(91,'2014-02-21\\12.tdms',8,2,1,'METAR MMMX 211422Z 32004KT 8SM SCT200 13/03 A3033 NOSIG RMK 8/001 HZY=','(XA-VIQ) Aircraft taxiing all time and car at the end.'),(92,'2014-02-21\\13.tdms',10,3,1,'METAR MMMX 211422Z 32004KT 8SM SCT200 13/03 A3033 NOSIG RMK 8/001 HZY=','(N906AM) Aircraft taxiing and car at the end.'),(93,'2014-02-21\\14.tdms',1,2,1,'METAR MMMX 211422Z 32004KT 8SM SCT200 13/03 A3033 NOSIG RMK 8/001 HZY=','(XA-ACO) Weird noises at the beginning and birds.'),(94,'2014-02-21\\15.tdms',11,3,1,'METAR MMMX 211422Z 32004KT 8SM SCT200 13/03 A3033 NOSIG RMK 8/001 HZY=','(XA-ELI) Aircraft taxiing all time.'),(95,'2014-02-21\\16.tdms',4,1,1,'METAR MMMX 211447Z 01003KT 7SM FEW200 14/02 A3034 NOSIG RMK SLP113 52015 916 8/001 HZY=','(N502VL) Impulsive weird noises and birds.'),(96,'2014-02-21\\17.tdms',8,1,1,'METAR MMMX 211447Z 01003KT 7SM FEW200 14/02 A3034 NOSIG RMK SLP113 52015 916 8/001 HZY=','(XA-UQX) Birds.'),(97,'2014-02-21\\18.tdms',11,3,1,'METAR MMMX 211447Z 01003KT 7SM FEW200 14/02 A3034 NOSIG RMK SLP113 52015 916 8/001 HZY=','(XA-YAC) Aircraft taxiing very close and loud.'),(98,'2014-02-21\\19.tdms',9,2,1,'METAR MMMX 211447Z 01003KT 7SM FEW200 14/02 A3034 NOSIG RMK SLP113 52015 916 8/001 HZY=','(N910NN) Aircrafts taxiing.'),(99,'2014-02-21\\20.tdms',6,3,1,'METAR MMMX 211447Z 01003KT 7SM FEW200 14/02 A3034 NOSIG RMK SLP113 52015 916 8/001 HZY=','(XA-TPS) Aircrafts taxiing very close.'),(100,'2014-02-21\\21.tdms',12,2,2,'METAR MMMX 211447Z 01003KT 7SM FEW200 14/02 A3034 NOSIG RMK SLP113 52015 916 8/001 HZY=','(XA-ACX) Birds.'),(101,'2014-02-21\\22.tdms',10,1,1,'METAR MMMX 211447Z 01003KT 7SM FEW200 14/02 A3034 NOSIG RMK SLP113 52015 916 8/001 HZY=','(XA-CTG) Birds.'),(102,'2014-02-21\\23.tdms',17,2,2,'METAR MMMX 211447Z 01003KT 7SM FEW200 14/02 A3034 NOSIG RMK SLP113 52015 916 8/001 HZY=','(N961AM) Birds and other low noises.'),(103,'2014-02-21\\24.tdms',1,1,1,'METAR MMMX 211447Z 01003KT 7SM FEW200 14/02 A3034 NOSIG RMK SLP113 52015 916 8/001 HZY=','(XA-MTO) Aircraft taxiing at the end.'),(104,'2014-02-21\\26.tdms',1,2,1,'METAR MMMX 211447Z 01003KT 7SM FEW200 14/02 A3034 NOSIG RMK SLP113 52015 916 8/001 HZY=','(XA-UHE) Aicraft taxiing at the end.'),(105,'2014-02-21\\28.tdms',11,1,1,'METAR MMMX 211522Z 02005KT 7SM FEW200 15/04 A3035 NOSIG RMK 8/001 HZY=','(XA-TLI) Birds and dog barks at the end.'),(106,'2014-02-21\\29.tdms',13,1,2,'METAR MMMX 211522Z 02005KT 7SM FEW200 15/04 A3035 NOSIG RMK 8/001 HZY=','(XA-ACI) Birds and voices at the end.'),(107,'2014-02-21\\30.tdms',2,1,1,'METAR MMMX 211522Z 02005KT 7SM FEW200 15/04 A3035 NOSIG RMK 8/001 HZY=','(XA-VOM) Birds.'),(108,'2014-02-21\\31.tdms',1,1,1,'METAR MMMX 211522Z 02005KT 7SM FEW200 15/04 A3035 NOSIG RMK 8/001 HZY=','(XA-VIP) Birds and impulsive noise at the beginning.'),(109,'2014-02-21\\32.tdms',10,2,2,'METAR MMMX 211522Z 02005KT 7SM FEW200 15/04 A3035 NOSIG RMK 8/001 HZY=','(N788XA) Many birds.'),(110,'2014-02-21\\33.tdms',8,1,1,'METAR MMMX 211522Z 02005KT 7SM FEW200 15/04 A3035 NOSIG RMK 8/001 HZY=','(XA-VAD) Low birds noises and voice at the end.'),(111,'2014-02-21\\35.tdms',9,3,2,'METAR MMMX 211522Z 02005KT 7SM FEW200 15/04 A3035 NOSIG RMK 8/001 HZY=','(N27213) Car noises and other impulsive noises.'),(112,'2014-02-21\\36.tdms',8,1,1,'METAR MMMX 211522Z 02005KT 7SM FEW200 15/04 A3035 NOSIG RMK 8/001 HZY=','(UNKNOWN) Dog barks at the end.'),(113,'2014-02-21\\37.tdms',1,2,1,'METAR MMMX 211522Z 02005KT 7SM FEW200 15/04 A3035 NOSIG RMK 8/001 HZY=','(LY-VEX) Birds and dog barks at the end.'),(114,'2014-02-21\\38.tdms',13,2,1,'METAR MMMX 211522Z 02005KT 7SM FEW200 15/04 A3035 NOSIG RMK 8/001 HZY=','(XA-AAC) Dog barks, aircraft taxiing very loud at the end and others.'),(115,'2014-02-21\\39.tdms',15,2,2,'METAR MMMX 211522Z 02005KT 7SM FEW200 15/04 A3035 NOSIG RMK 8/001 HZY=','(UNKNOWN) Birds and dog barks and voices at the very end. (Confirmar TIPO Aeronave)'),(116,'2014-02-21\\40.tdms',8,1,1,'METAR MMMX 211522Z 02005KT 7SM FEW200 15/04 A3035 NOSIG RMK 8/001 HZY=','(XA-VIT) Birds.'),(117,'2014-02-21\\41.tdms',4,2,1,'METAR MMMX 211522Z 02005KT 7SM FEW200 15/04 A3035 NOSIG RMK 8/001 HZY=','(XA-VOG) Birds and impulsive noises at the end.'),(118,'2014-02-21\\42.tdms',4,2,1,'METAR MMMX 211522Z 02005KT 7SM FEW200 15/04 A3035 NOSIG RMK 8/001 HZY=','(N812UA) Dog barks and loud screams.'),(119,'2014-02-21\\43.tdms',9,2,1,'METAR MMMX 211522Z 02005KT 7SM FEW200 15/04 A3035 NOSIG RMK 8/001 HZY=','(HP-1824CMP) People sweeping.'),(120,'2014-02-21\\45.tdms',1,2,1,'METAR MMMX 211547Z 33007KT 7SM FEW200 16/03 A3035 NOSIG RMK 8/001 HZY=','(XA-INJ) Dog barks.'),(121,'2014-02-21\\46.tdms',18,2,2,'METAR MMMX 211547Z 33007KT 7SM FEW200 16/03 A3035 NOSIG RMK 8/001 HZY=','(XA-MAT) People sweeping.'),(122,'2014-02-21\\47.tdms',11,2,1,'METAR MMMX 211547Z 33007KT 7SM FEW200 16/03 A3035 NOSIG RMK 8/001 HZY=','(XA-TAC) Loud birds and impusilve noises, dog barks at the end.'),(123,'2014-02-21\\48.tdms',10,1,1,'METAR MMMX 211547Z 33007KT 7SM FEW200 16/03 A3035 NOSIG RMK 8/001 HZY=','(XA-HAM) Birds.'),(124,'2014-02-21\\50.tdms',10,3,2,'METAR MMMX 211547Z 33007KT 7SM FEW200 16/03 A3035 NOSIG RMK 8/001 HZY=','(XA-MAH) Trucks all time.'),(125,'2014-02-21\\51.tdms',10,2,2,'METAR MMMX 211547Z 33007KT 7SM FEW200 16/03 A3035 NOSIG RMK 8/001 HZY=','(N423AM) Dog barks and birds.'),(126,'2014-02-21\\52.tdms',1,1,1,'METAR MMMX 211547Z 33007KT 7SM FEW200 16/03 A3035 NOSIG RMK 8/001 HZY=','(XA-YES) Scream at the beginning.'),(127,'2014-02-21\\53.tdms',13,3,2,'METAR MMMX 211547Z 33007KT 7SM FEW200 16/03 A3035 NOSIG RMK 8/001 HZY=','(XA-ACN) Helicopter very close.'),(128,'2014-02-21\\54.tdms',2,1,1,'METAR MMMX 211547Z 33007KT 7SM FEW200 16/03 A3035 NOSIG RMK 8/001 HZY=','(N515VL) Birds.'),(129,'2014-02-21\\55.tdms',13,3,2,'METAR MMMX 211547Z 33007KT 7SM FEW200 16/03 A3035 NOSIG RMK 8/001 HZY=','(XA-GAD) Aicraft taxiing very close.'),(130,'2014-02-21\\56.tdms',10,2,2,'METAR MMMX 211547Z 33007KT 7SM FEW200 16/03 A3035 NOSIG RMK 8/001 HZY=','(N126AM) Birds.'),(131,'2014-02-21\\57.tdms',9,2,2,'METAR MMMX 211547Z 33007KT 7SM FEW200 16/03 A3035 NOSIG RMK 8/001 HZY=','(XA-AMK) Birds, dog barks and weird noises.'),(132,'2014-02-21\\58.tdms',16,1,1,'METAR MMMX 211547Z 33007KT 7SM FEW200 16/03 A3035 NOSIG RMK 8/001 HZY=','(XA-JLG) Some birds at the beginning.'),(133,'2014-02-21\\59.tdms',1,2,1,'METAR MMMX 211547Z 33007KT 7SM FEW200 16/03 A3035 NOSIG RMK 8/001 HZY=','(XA-WAB) Aircraft taxiing at the end very close.'),(134,'2014-02-21\\60.tdms',10,2,2,'METAR MMMX 211547Z 33007KT 7SM FEW200 16/03 A3035 NOSIG RMK 8/001 HZY=','(N784XA) Aircraft taxiing at the end.'),(135,'2014-02-21\\61.tdms',2,2,2,'METAR MMMX 211547Z 33007KT 7SM FEW200 16/03 A3035 NOSIG RMK 8/001 HZY=','(N484UA) Weird noises all time.'),(136,'2014-02-21\\62.tdms',13,3,2,'METAR MMMX 211547Z 33007KT 7SM FEW200 16/03 A3035 NOSIG RMK 8/001 HZY=','(XA-ACM) Several cars and many impulsive noises'),(137,'2014-02-21\\63.tdms',16,1,1,'METAR MMMX 211547Z 33007KT 7SM FEW200 16/03 A3035 NOSIG RMK 8/001 HZY=','(XA-IJR) Birds'),(138,'2014-02-21\\64.tdms',9,3,1,'METAR MMMX 211547Z 33007KT 7SM FEW200 16/03 A3035 NOSIG RMK 8/001 HZY=','(UNKNOWN) Hay que confirmar tipo de aeronave'),(139,'2014-02-21\\65.tdms',9,2,2,'METAR MMMX 211547Z 33007KT 7SM FEW200 16/03 A3035 NOSIG RMK 8/001 HZY=','(N3736C) Voices at the beginning and other noises'),(140,'2014-02-21\\66.tdms',1,1,1,'METAR MMMX 211547Z 33007KT 7SM FEW200 16/03 A3035 NOSIG RMK 8/001 HZY=','(XA-JAV)'),(141,'2014-02-21\\67.tdms',10,1,1,'METAR MMMX 211547Z 33007KT 7SM FEW200 16/03 A3035 NOSIG RMK 8/001 HZY=','(EI-DRD) Birds all time.'),(142,'2014-02-21\\68.tdms',19,2,2,'METAR MMMX 211547Z 33007KT 7SM FEW200 16/03 A3035 NOSIG RMK 8/001 HZY=','(N850GT) Birds and dog barks.'),(143,'2014-02-21\\69.tdms',2,2,2,'METAR MMMX 211547Z 33007KT 7SM FEW200 16/03 A3035 NOSIG RMK 8/001 HZY=','(N463UA) Birds and dog barks.'),(144,'2014-02-21\\70.tdms',6,2,1,'METAR MMMX 211547Z 33007KT 7SM FEW200 16/03 A3035 NOSIG RMK 8/001 HZY=','(XA-TAH) Birds and dog barks.'),(145,'2014-02-21\\71.tdms',10,1,2,'METAR MMMX 211646Z 02005KT 6SM FEW200 17/04 A3034 NOSIG RMK','(N842AM) Birds and dog barks.'),(146,'2014-02-21\\72.tdms',13,1,2,'METAR MMMX 211646Z 02005KT 6SM FEW200 17/04 A3034 NOSIG RMK','(XA-HAC) Birds and dog barks.'),(147,'2014-02-21\\73.tdms',13,1,2,'METAR MMMX 211646Z 02005KT 6SM FEW200 17/04 A3034 NOSIG RMK 8/001 HZY=','(XA-EAC) Car, birds and dog barks at the end.'),(148,'2014-02-21\\74.tdms',11,1,2,'METAR MMMX 211646Z 02005KT 6SM FEW200 17/04 A3034 NOSIG RMK 8/001 HZY=','(XA-WAC) Birds and dog barks.'),(149,'2014-02-21\\75.tdms',2,1,1,'METAR MMMX 211646Z 02005KT 6SM FEW200 17/04 A3034 NOSIG RMK 8/001 HZY=','(N507VL)'),(150,'2014-02-21\\76.tdms',1,1,1,'METAR MMMX 211646Z 02005KT 6SM FEW200 17/04 A3034 NOSIG RMK 8/001 HZY=','(XA-ALM) Dog barks at the end.'),(151,'2014-02-21\\77.tdms',12,1,1,'METAR MMMX 211646Z 02005KT 6SM FEW200 17/04 A3034 NOSIG RMK 8/001 HZY=','(XA-ACP) Dog barks.'),(152,'2014-02-21\\79.tdms',6,1,1,'METAR MMMX 211646Z 02005KT 6SM FEW200 17/04 A3034 NOSIG RMK 8/001 HZY=','(XA-TAI) Birds.'),(153,'2014-02-21\\80.tdms',13,1,2,'METAR MMMX 211646Z 02005KT 6SM FEW200 17/04 A3034 NOSIG RMK 8/001 HZY=','(XA-IAC) Dog barks and birds.'),(154,'2014-02-21\\81.tdms',9,1,2,'METAR MMMX 211646Z 02005KT 6SM FEW200 17/04 A3034 NOSIG RMK 8/001 HZY=','(XA-AME) Dog barks and car at the beginning.'),(155,'2014-02-21\\82.tdms',10,1,2,'METAR MMMX 211646Z 02005KT 6SM FEW200 17/04 A3034 NOSIG RMK 8/001 HZY=','(N908AM) Dog barks and birds.'),(156,'2014-02-21\\83.tdms',9,1,2,'METAR MMMX 211646Z 02005KT 6SM FEW200 17/04 A3034 NOSIG RMK 8/001 HZY=','(EI-DRA)'),(157,'2014-02-21\\84.tdms',1,1,1,'METAR MMMX 211646Z 02005KT 6SM FEW200 17/04 A3034 NOSIG RMK 8/001 HZY=','(XA-ROA)'),(158,'2014-02-21\\85.tdms',16,1,1,'METAR MMMX 211646Z 02005KT 6SM FEW200 17/04 A3034 NOSIG RMK 8/001 HZY=','(XA-NSG) Aircraft taxiing at the end.'),(159,'2014-02-21\\86.tdms',1,1,1,'METAR MMMX 211646Z 02005KT 6SM FEW200 17/04 A3034 NOSIG RMK 8/001 HZY=','(XA-TLC) Dog barks.'),(160,'2014-02-21\\87.tdms',11,2,1,'METAR MMMX 211646Z 02005KT 6SM FEW200 17/04 A3034 NOSIG RMK 8/001 HZY=','(XA-QLI) Dog barks all time and weird noise at the very beginning.'),(161,'2014-02-21\\88.tdms',13,1,1,'METAR MMMX 211646Z 02005KT 6SM FEW200 17/04 A3034 NOSIG RMK 8/001 HZY=','(XA-ACK)'),(162,'2014-02-21\\90.tdms',13,1,2,'METAR MMMX 211646Z 02005KT 6SM FEW200 17/04 A3034 NOSIG RMK 8/001 HZY=','(XA-MAC) Birds.'),(163,'2014-02-21\\91.tdms',13,3,2,'METAR MMMX 211646Z 02005KT 6SM FEW200 17/04 A3034 NOSIG RMK 8/001 HZY=','(XA-CAC) Bells almost all time.'),(164,'2014-02-21\\92.tdms',13,2,2,'METAR MMMX 211646Z 02005KT 6SM FEW200 17/04 A3034 NOSIG RMK 8/001 HZY=','(XA-ACJ) Car at the middle and dog barks and impusilve noise at the end.'),(165,'2014-02-21\\93.tdms',20,1,1,'METAR MMMX 211646Z 02005KT 6SM FEW200 17/04 A3034 NOSIG RMK 8/001 HZY=','(LX-ECV)'),(166,'2014-02-21\\94.tdms',10,1,1,'SPECI MMMX 211745Z 33006KT 6SM FEW200 19/03 A3031 NOSIG RMK 8/001 HZY=','(N857AM) Birds and dog barks.'),(167,'2014-02-21\\95.tdms',8,2,1,'SPECI MMMX 211745Z 33006KT 6SM FEW200 19/03 A3031 NOSIG RMK 8/001 HZY=','(XA-VAB) Car at the end.'),(168,'2014-02-21\\97.tdms',11,1,1,'SPECI MMMX 211745Z 33006KT 6SM FEW200 19/03 A3031 NOSIG RMK 8/001 HZY=','(N14186) Aircraft taxiing at the end.'),(169,'2014-02-21\\98.tdms',21,3,2,'SPECI MMMX 211745Z 33006KT 6SM FEW200 19/03 A3031 NOSIG RMK 8/001 HZY=','(XA-UTF) Aircraft taxiing all time and cars.'),(170,'2014-02-21\\100.tdms',11,1,1,'SPECI MMMX 211745Z 33006KT 6SM FEW200 19/03 A3031 NOSIG RMK 8/001 HZY=','(XA-FLI) Birds.'),(171,'2014-02-21\\101.tdms',7,1,1,'SPECI MMMX 211745Z 33006KT 6SM FEW200 19/03 A3031 NOSIG RMK 8/001 HZY=','(XA-NLP) Car at the end.'),(172,'2014-02-21\\102.tdms',1,1,1,'SPECI MMMX 211745Z 33006KT 6SM FEW200 19/03 A3031 NOSIG RMK 8/001 HZY=','(XA-ZIH) Birds.'),(173,'2014-02-21\\103.tdms',1,1,1,'SPECI MMMX 211745Z 33006KT 6SM FEW200 19/03 A3031 NOSIG RMK 8/001 HZY=','(XA-SUN) Birds.'),(174,'2014-02-21\\104.tdms',10,3,2,'METAR MMMX 211747Z 34007KT 6SM FEW200 19/02 A3031 NOSIG RMK SLP100 54000 925 8/001 HZY=','(XA-GMV) Cars and dog barks.'),(175,'2014-02-21\\105.tdms',10,1,2,'METAR MMMX 211747Z 34007KT 6SM FEW200 19/02 A3031 NOSIG RMK SLP100 54000 925 8/001 HZY=','(EI-DRE) Birds.'),(176,'2014-02-21\\106.tdms',12,1,1,'METAR MMMX 211747Z 34007KT 6SM FEW200 19/02 A3031 NOSIG RMK SLP100 54000 925 8/001 HZY=','(XA-SAC) Aircraft taxiing at the end.'),(177,'2014-02-21\\107.tdms',11,2,1,'METAR MMMX 211747Z 34007KT 6SM FEW200 19/02 A3031 NOSIG RMK SLP100 54000 925 8/001 HZY=','(XA-VLI) Dog barks and birds and aircraft taxiing at the end.'),(178,'2014-02-21\\108.tdms',12,2,2,'METAR MMMX 211747Z 34007KT 6SM FEW200 19/02 A3031 NOSIG RMK SLP100 54000 925 8/001 HZY=','(XA-ACF) Birds.'),(179,'2014-02-21\\109.tdms',1,2,1,'METAR MMMX 211747Z 34007KT 6SM FEW200 19/02 A3031 NOSIG RMK SLP100 54000 925 8/001 HZY=','(XA-VTA) Birds.'),(180,'2014-02-21\\110.tdms',9,2,2,'METAR MMMX 211747Z 34007KT 6SM FEW200 19/02 A3031 NOSIG RMK SLP100 54000 925 8/001 HZY=','(EI-DRC) Birds and impulsive noises at the end.'),(181,'2014-02-21\\111.tdms',2,2,1,'METAR MMMX 211747Z 34007KT 6SM FEW200 19/02 A3031 NOSIG RMK SLP100 54000 925 8/001 HZY=','(N521VL) Birds and voices at the end.'),(182,'2014-02-21\\112.tdms',12,2,2,'METAR MMMX 211747Z 34007KT 6SM FEW200 19/02 A3031 NOSIG RMK SLP100 54000 925 8/001 HZY=','(XA-ACX) Birds and dog barks.'),(183,'2014-02-21\\114.tdms',7,1,1,'METAR MMMX 211747Z 34007KT 6SM FEW200 19/02 A3031 NOSIG RMK SLP100 54000 925 8/001 HZY=','(XA-MKH) Weird noise at the end.'),(184,'2014-02-21\\115.tdms',11,2,1,'METAR MMMX 211747Z 34007KT 6SM FEW200 19/02 A3031 NOSIG RMK SLP100 54000 925 8/001 HZY=','(XA-ACA) Weird noise at the beginning.'),(185,'2014-02-21\\116.tdms',10,2,2,'METAR MMMX 211747Z 34007KT 6SM FEW200 19/02 A3031 NOSIG RMK SLP100 54000 925 8/001 HZY=','(XA-CYM) Many dog barks.'),(186,'2014-02-21\\119.tdms',1,1,1,'METAR MMMX 211747Z 34007KT 6SM FEW200 19/02 A3031 NOSIG RMK SLP100 54000 925 8/001 HZY=','(XA-BIO)'),(187,'2014-02-21\\120.tdms',4,1,1,'METAR MMMX 211747Z 34007KT 6SM FEW200 19/02 A3031 NOSIG RMK SLP100 54000 925 8/001 HZY=','(XA-VOD)'),(188,'2014-02-21\\121.tdms',11,3,2,'METAR MMMX 211747Z 34007KT 6SM FEW200 19/02 A3031 NOSIG RMK SLP100 54000 925 8/001 HZY=','(XA-QAC) Noise and voices and many disturbances.'),(189,'2014-02-21\\122.tdms',22,2,2,'METAR MMMX 211747Z 34007KT 6SM FEW200 19/02 A3031 NOSIG RMK SLP100 54000 925 8/001 HZY=','(EC-JCZ) Impulsive noise at the beginning.');
/*!40000 ALTER TABLE `measurements` ENABLE KEYS */;
UNLOCK TABLES;

--
-- Table structure for table `quality`
--

DROP TABLE IF EXISTS `quality`;
/*!40101 SET @saved_cs_client     = @@character_set_client */;
/*!50503 SET character_set_client = utf8mb4 */;
CREATE TABLE `quality` (
  `id_quality` int NOT NULL,
  `name` varchar(45) NOT NULL,
  `description` varchar(100) DEFAULT NULL,
  PRIMARY KEY (`id_quality`),
  UNIQUE KEY `name_UNIQUE` (`name`)
) ENGINE=InnoDB DEFAULT CHARSET=latin1;
/*!40101 SET character_set_client = @saved_cs_client */;

--
-- Dumping data for table `quality`
--

LOCK TABLES `quality` WRITE;
/*!40000 ALTER TABLE `quality` DISABLE KEYS */;
INSERT INTO `quality` VALUES (1,'GOOD','No relevant disturbances'),(2,'REGULAR','Some relevant disturbances'),(3,'BAD','Many relevant disturbances');
/*!40000 ALTER TABLE `quality` ENABLE KEYS */;
UNLOCK TABLES;

--
-- Table structure for table `runways`
--

DROP TABLE IF EXISTS `runways`;
/*!40101 SET @saved_cs_client     = @@character_set_client */;
/*!50503 SET character_set_client = utf8mb4 */;
CREATE TABLE `runways` (
  `id_runway` int NOT NULL,
  `name` varchar(45) NOT NULL,
  `start_long` varchar(10) NOT NULL,
  `start_lat` varchar(10) NOT NULL,
  `end_long` varchar(10) NOT NULL,
  `end_lat` varchar(10) NOT NULL,
  PRIMARY KEY (`id_runway`),
  UNIQUE KEY `name_UNIQUE` (`name`)
) ENGINE=InnoDB DEFAULT CHARSET=latin1;
/*!40101 SET character_set_client = @saved_cs_client */;

--
-- Dumping data for table `runways`
--

LOCK TABLES `runways` WRITE;
/*!40000 ALTER TABLE `runways` DISABLE KEYS */;
INSERT INTO `runways` VALUES (1,'05L','-99.090138','19.427795','-99.058252','19.445698'),(2,'05R','-99.085784','19.427026','-99.053801','19.444989');
/*!40000 ALTER TABLE `runways` ENABLE KEYS */;
UNLOCK TABLES;

--
-- Table structure for table `signals`
--

DROP TABLE IF EXISTS `signals`;
/*!40101 SET @saved_cs_client     = @@character_set_client */;
/*!50503 SET character_set_client = utf8mb4 */;
CREATE TABLE `signals` (
  `measurement` int NOT NULL,
  `array` int NOT NULL,
  `microphone` int NOT NULL,
  PRIMARY KEY (`measurement`,`array`,`microphone`),
  KEY `fk_signals` (`measurement`,`microphone`,`array`),
  CONSTRAINT `fk_signals_m` FOREIGN KEY (`measurement`) REFERENCES `measurements` (`id_measurement`) ON DELETE RESTRICT ON UPDATE RESTRICT
) ENGINE=InnoDB DEFAULT CHARSET=latin1;
/*!40101 SET character_set_client = @saved_cs_client */;

--
-- Dumping data for table `signals`
--

LOCK TABLES `signals` WRITE;
/*!40000 ALTER TABLE `signals` DISABLE KEYS */;
INSERT INTO `signals` VALUES (1,1,1),(1,1,2),(1,1,3),(1,1,4),(1,2,1),(1,2,2),(1,2,3),(1,2,4),(1,3,1),(1,3,2),(1,3,3),(1,3,4),(2,1,1),(2,1,2),(2,1,3),(2,1,4),(2,2,1),(2,2,2),(2,2,3),(2,2,4),(2,3,1),(2,3,2),(2,3,3),(2,3,4),(3,1,1),(3,1,2),(3,1,3),(3,1,4),(3,2,1),(3,2,2),(3,2,3),(3,2,4),(3,3,1),(3,3,2),(3,3,3),(3,3,4),(4,1,1),(4,1,2),(4,1,3),(4,1,4),(4,2,1),(4,2,2),(4,2,3),(4,2,4),(4,3,1),(4,3,2),(4,3,3),(4,3,4),(5,1,1),(5,1,2),(5,1,3),(5,1,4),(5,2,1),(5,2,2),(5,2,3),(5,2,4),(5,3,1),(5,3,2),(5,3,3),(5,3,4),(6,1,1),(6,1,2),(6,1,3),(6,1,4),(6,2,1),(6,2,2),(6,2,3),(6,2,4),(6,3,1),(6,3,2),(6,3,3),(6,3,4),(7,1,1),(7,1,2),(7,1,3),(7,1,4),(7,2,1),(7,2,2),(7,2,3),(7,2,4),(7,3,1),(7,3,2),(7,3,3),(7,3,4),(8,1,1),(8,1,2),(8,1,3),(8,1,4),(8,2,1),(8,2,2),(8,2,3),(8,2,4),(8,3,1),(8,3,2),(8,3,3),(8,3,4),(9,1,1),(9,1,2),(9,1,3),(9,1,4),(9,2,1),(9,2,2),(9,2,3),(9,2,4),(9,3,1),(9,3,2),(9,3,3),(9,3,4),(10,1,1),(10,1,2),(10,1,3),(10,1,4),(10,2,1),(10,2,2),(10,2,3),(10,2,4),(10,3,1),(10,3,2),(10,3,3),(10,3,4),(11,1,1),(11,1,2),(11,1,3),(11,1,4),(11,2,1),(11,2,2),(11,2,3),(11,2,4),(11,3,1),(11,3,2),(11,3,3),(11,3,4),(12,1,1),(12,1,2),(12,1,3),(12,1,4),(12,2,1),(12,2,2),(12,2,3),(12,2,4),(12,3,1),(12,3,2),(12,3,3),(12,3,4),(13,1,1),(13,1,2),(13,1,3),(13,1,4),(13,2,1),(13,2,2),(13,2,3),(13,2,4),(13,3,1),(13,3,2),(13,3,3),(13,3,4),(14,1,1),(14,1,2),(14,1,3),(14,1,4),(14,2,1),(14,2,2),(14,2,3),(14,2,4),(14,3,1),(14,3,2),(14,3,3),(14,3,4),(15,1,1),(15,1,2),(15,1,3),(15,1,4),(15,2,1),(15,2,2),(15,2,3),(15,2,4),(15,3,1),(15,3,2),(15,3,3),(15,3,4),(16,1,1),(16,1,2),(16,1,3),(16,1,4),(16,2,1),(16,2,2),(16,2,3),(16,2,4),(16,3,1),(16,3,2),(16,3,3),(16,3,4),(17,1,1),(17,1,2),(17,1,3),(17,1,4),(17,2,1),(17,2,2),(17,2,3),(17,2,4),(17,3,1),(17,3,2),(17,3,3),(17,3,4),(18,1,1),(18,1,2),(18,1,3),(18,1,4),(18,2,1),(18,2,2),(18,2,3),(18,2,4),(18,3,1),(18,3,2),(18,3,3),(18,3,4),(19,1,1),(19,1,2),(19,1,3),(19,1,4),(19,2,1),(19,2,2),(19,2,3),(19,2,4),(19,3,1),(19,3,2),(19,3,3),(19,3,4),(20,1,1),(20,1,2),(20,1,3),(20,1,4),(20,2,1),(20,2,2),(20,2,3),(20,2,4),(20,3,1),(20,3,2),(20,3,3),(20,3,4),(21,1,1),(21,1,2),(21,1,3),(21,1,4),(21,2,1),(21,2,2),(21,2,3),(21,2,4),(21,3,1),(21,3,2),(21,3,3),(21,3,4),(22,1,1),(22,1,2),(22,1,3),(22,1,4),(22,2,1),(22,2,2),(22,2,3),(22,2,4),(22,3,1),(22,3,2),(22,3,3),(22,3,4),(23,1,1),(23,1,2),(23,1,3),(23,1,4),(23,2,1),(23,2,2),(23,2,3),(23,2,4),(23,3,1),(23,3,2),(23,3,3),(23,3,4),(24,1,1),(24,1,2),(24,1,3),(24,1,4),(24,2,1),(24,2,2),(24,2,3),(24,2,4),(24,3,1),(24,3,2),(24,3,3),(24,3,4),(25,1,1),(25,1,2),(25,1,3),(25,1,4),(25,2,1),(25,2,2),(25,2,3),(25,2,4),(25,3,1),(25,3,2),(25,3,3),(25,3,4),(26,1,1),(26,1,2),(26,1,3),(26,1,4),(26,2,1),(26,2,2),(26,2,3),(26,2,4),(26,3,1),(26,3,2),(26,3,3),(26,3,4),(27,1,1),(27,1,2),(27,1,3),(27,1,4),(27,2,1),(27,2,2),(27,2,3),(27,2,4),(27,3,1),(27,3,2),(27,3,3),(27,3,4),(28,1,1),(28,1,2),(28,1,3),(28,1,4),(28,2,1),(28,2,2),(28,2,3),(28,2,4),(28,3,1),(28,3,2),(28,3,3),(28,3,4),(29,1,1),(29,1,2),(29,1,3),(29,1,4),(29,2,1),(29,2,2),(29,2,3),(29,2,4),(29,3,1),(29,3,2),(29,3,3),(29,3,4),(30,1,1),(30,1,2),(30,1,3),(30,1,4),(30,2,1),(30,2,2),(30,2,3),(30,2,4),(30,3,1),(30,3,2),(30,3,3),(30,3,4),(31,1,1),(31,1,2),(31,1,3),(31,1,4),(31,2,1),(31,2,2),(31,2,3),(31,2,4),(31,3,1),(31,3,2),(31,3,3),(31,3,4),(32,1,1),(32,1,2),(32,1,3),(32,1,4),(32,2,1),(32,2,2),(32,2,3),(32,2,4),(32,3,1),(32,3,2),(32,3,3),(32,3,4),(33,1,1),(33,1,2),(33,1,3),(33,1,4),(33,2,1),(33,2,2),(33,2,3),(33,2,4),(33,3,1),(33,3,2),(33,3,3),(33,3,4),(34,1,1),(34,1,2),(34,1,3),(34,1,4),(34,2,1),(34,2,2),(34,2,3),(34,2,4),(34,3,1),(34,3,2),(34,3,3),(34,3,4),(35,1,1),(35,1,2),(35,1,3),(35,1,4),(35,2,1),(35,2,2),(35,2,3),(35,2,4),(35,3,1),(35,3,2),(35,3,3),(35,3,4),(36,1,1),(36,1,2),(36,1,3),(36,1,4),(36,2,1),(36,2,2),(36,2,3),(36,2,4),(36,3,1),(36,3,2),(36,3,3),(36,3,4),(37,1,1),(37,1,2),(37,1,3),(37,1,4),(37,2,1),(37,2,2),(37,2,3),(37,2,4),(37,3,1),(37,3,2),(37,3,3),(37,3,4),(38,1,1),(38,1,2),(38,1,3),(38,1,4),(38,2,1),(38,2,2),(38,2,3),(38,2,4),(38,3,1),(38,3,2),(38,3,3),(38,3,4),(39,1,1),(39,1,2),(39,1,3),(39,1,4),(39,2,1),(39,2,2),(39,2,3),(39,2,4),(39,3,1),(39,3,2),(39,3,3),(39,3,4),(40,1,1),(40,1,2),(40,1,3),(40,1,4),(40,2,1),(40,2,2),(40,2,3),(40,2,4),(40,3,1),(40,3,2),(40,3,3),(40,3,4),(41,1,1),(41,1,2),(41,1,3),(41,1,4),(41,2,1),(41,2,2),(41,2,3),(41,2,4),(41,3,1),(41,3,2),(41,3,3),(41,3,4),(42,1,1),(42,1,2),(42,1,3),(42,1,4),(42,2,1),(42,2,2),(42,2,3),(42,2,4),(42,3,1),(42,3,2),(42,3,3),(42,3,4),(43,1,1),(43,1,2),(43,1,3),(43,1,4),(43,2,1),(43,2,2),(43,2,3),(43,2,4),(43,3,1),(43,3,2),(43,3,3),(43,3,4),(44,1,1),(44,1,2),(44,1,3),(44,1,4),(44,2,1),(44,2,2),(44,2,3),(44,2,4),(44,3,1),(44,3,2),(44,3,3),(44,3,4),(45,1,1),(45,1,2),(45,1,3),(45,1,4),(45,2,1),(45,2,2),(45,2,3),(45,2,4),(45,3,1),(45,3,2),(45,3,3),(45,3,4),(46,1,1),(46,1,2),(46,1,3),(46,1,4),(46,2,1),(46,2,2),(46,2,3),(46,2,4),(46,3,1),(46,3,2),(46,3,3),(46,3,4),(47,1,1),(47,1,2),(47,1,3),(47,1,4),(47,2,1),(47,2,2),(47,2,3),(47,2,4),(47,3,1),(47,3,2),(47,3,3),(47,3,4),(48,1,1),(48,1,2),(48,1,3),(48,1,4),(48,2,1),(48,2,2),(48,2,3),(48,2,4),(48,3,1),(48,3,2),(48,3,3),(48,3,4),(49,1,1),(49,1,2),(49,1,3),(49,1,4),(49,2,1),(49,2,2),(49,2,3),(49,2,4),(49,3,1),(49,3,2),(49,3,3),(49,3,4),(50,1,1),(50,1,2),(50,1,3),(50,1,4),(50,2,1),(50,2,2),(50,2,3),(50,2,4),(50,3,1),(50,3,2),(50,3,3),(50,3,4),(51,1,1),(51,1,2),(51,1,3),(51,1,4),(51,2,1),(51,2,2),(51,2,3),(51,2,4),(51,3,1),(51,3,2),(51,3,3),(51,3,4),(52,1,1),(52,1,2),(52,1,3),(52,1,4),(52,2,1),(52,2,2),(52,2,3),(52,2,4),(52,3,1),(52,3,2),(52,3,3),(52,3,4),(53,1,1),(53,1,2),(53,1,3),(53,1,4),(53,2,1),(53,2,2),(53,2,3),(53,2,4),(53,3,1),(53,3,2),(53,3,3),(53,3,4),(54,1,1),(54,1,2),(54,1,3),(54,1,4),(54,2,1),(54,2,2),(54,2,3),(54,2,4),(54,3,1),(54,3,2),(54,3,3),(54,3,4),(55,1,1),(55,1,2),(55,1,3),(55,1,4),(55,2,1),(55,2,2),(55,2,3),(55,2,4),(55,3,1),(55,3,2),(55,3,3),(55,3,4),(56,1,1),(56,1,2),(56,1,3),(56,1,4),(56,2,1),(56,2,2),(56,2,3),(56,2,4),(56,3,1),(56,3,2),(56,3,3),(56,3,4),(57,1,1),(57,1,2),(57,1,3),(57,1,4),(57,2,1),(57,2,2),(57,2,3),(57,2,4),(57,3,1),(57,3,2),(57,3,3),(57,3,4),(58,1,1),(58,1,2),(58,1,3),(58,1,4),(58,2,1),(58,2,2),(58,2,3),(58,2,4),(58,3,1),(58,3,2),(58,3,3),(58,3,4),(59,1,1),(59,1,2),(59,1,3),(59,1,4),(59,2,1),(59,2,2),(59,2,3),(59,2,4),(59,3,1),(59,3,2),(59,3,3),(59,3,4),(60,1,1),(60,1,2),(60,1,3),(60,1,4),(60,2,1),(60,2,2),(60,2,3),(60,2,4),(60,3,1),(60,3,2),(60,3,3),(60,3,4),(61,1,1),(61,1,2),(61,1,3),(61,1,4),(61,2,1),(61,2,2),(61,2,3),(61,2,4),(61,3,1),(61,3,2),(61,3,3),(61,3,4),(62,1,1),(62,1,2),(62,1,3),(62,1,4),(62,2,1),(62,2,2),(62,2,3),(62,2,4),(62,3,1),(62,3,2),(62,3,3),(62,3,4),(64,1,1),(64,1,2),(64,1,3),(64,1,4),(64,2,1),(64,2,2),(64,2,3),(64,2,4),(64,3,1),(64,3,2),(64,3,3),(64,3,4),(65,1,1),(65,1,2),(65,1,3),(65,1,4),(65,2,1),(65,2,2),(65,2,3),(65,2,4),(65,3,1),(65,3,2),(65,3,3),(65,3,4),(66,1,1),(66,1,2),(66,1,3),(66,1,4),(66,2,1),(66,2,2),(66,2,3),(66,2,4),(66,3,1),(66,3,2),(66,3,3),(66,3,4),(67,1,1),(67,1,2),(67,1,3),(67,1,4),(67,2,1),(67,2,2),(67,2,3),(67,2,4),(67,3,1),(67,3,2),(67,3,3),(67,3,4),(68,1,1),(68,1,2),(68,1,3),(68,1,4),(68,2,1),(68,2,2),(68,2,3),(68,2,4),(68,3,1),(68,3,2),(68,3,3),(68,3,4),(69,1,1),(69,1,2),(69,1,3),(69,1,4),(69,2,1),(69,2,2),(69,2,3),(69,2,4),(69,3,1),(69,3,2),(69,3,3),(69,3,4),(70,1,1),(70,1,2),(70,1,3),(70,1,4),(70,2,1),(70,2,2),(70,2,3),(70,2,4),(70,3,1),(70,3,2),(70,3,3),(70,3,4),(71,1,1),(71,1,2),(71,1,3),(71,1,4),(71,2,1),(71,2,2),(71,2,3),(71,2,4),(71,3,1),(71,3,2),(71,3,3),(71,3,4),(72,1,1),(72,1,2),(72,1,3),(72,1,4),(72,2,1),(72,2,2),(72,2,3),(72,2,4),(72,3,1),(72,3,2),(72,3,3),(72,3,4),(73,1,1),(73,1,2),(73,1,3),(73,1,4),(73,2,1),(73,2,2),(73,2,3),(73,2,4),(73,3,1),(73,3,2),(73,3,3),(73,3,4),(74,1,1),(74,1,2),(74,1,3),(74,1,4),(74,2,1),(74,2,2),(74,2,3),(74,2,4),(74,3,1),(74,3,2),(74,3,3),(74,3,4),(75,1,1),(75,1,2),(75,1,3),(75,1,4),(75,2,1),(75,2,2),(75,2,3),(75,2,4),(75,3,1),(75,3,2),(75,3,3),(75,3,4),(76,1,1),(76,1,2),(76,1,3),(76,1,4),(76,2,1),(76,2,2),(76,2,3),(76,2,4),(76,3,1),(76,3,2),(76,3,3),(76,3,4),(77,1,1),(77,1,2),(77,1,3),(77,1,4),(77,2,1),(77,2,2),(77,2,3),(77,2,4),(77,3,1),(77,3,2),(77,3,3),(77,3,4),(78,1,1),(78,1,2),(78,1,3),(78,1,4),(78,2,1),(78,2,2),(78,2,3),(78,2,4),(78,3,1),(78,3,2),(78,3,3),(78,3,4),(79,1,1),(79,1,2),(79,1,3),(79,1,4),(79,2,1),(79,2,2),(79,2,3),(79,2,4),(79,3,1),(79,3,2),(79,3,3),(79,3,4),(80,1,1),(80,1,2),(80,1,3),(80,1,4),(80,2,1),(80,2,2),(80,2,3),(80,2,4),(80,3,1),(80,3,2),(80,3,3),(80,3,4),(81,1,1),(81,1,2),(81,1,3),(81,1,4),(81,2,1),(81,2,2),(81,2,3),(81,2,4),(81,3,1),(81,3,2),(81,3,3),(81,3,4),(82,1,1),(82,1,2),(82,1,3),(82,1,4),(82,2,1),(82,2,2),(82,2,3),(82,2,4),(82,3,1),(82,3,2),(82,3,3),(82,3,4),(83,1,1),(83,1,2),(83,1,3),(83,1,4),(83,2,1),(83,2,2),(83,2,3),(83,2,4),(83,3,1),(83,3,2),(83,3,3),(83,3,4),(84,1,1),(84,1,2),(84,1,3),(84,1,4),(84,2,1),(84,2,2),(84,2,3),(84,2,4),(84,3,1),(84,3,2),(84,3,3),(84,3,4),(85,1,1),(85,1,2),(85,1,3),(85,1,4),(85,2,1),(85,2,2),(85,2,3),(85,2,4),(85,3,1),(85,3,2),(85,3,3),(85,3,4),(86,1,1),(86,1,2),(86,1,3),(86,1,4),(86,2,1),(86,2,2),(86,2,3),(86,2,4),(86,3,1),(86,3,2),(86,3,3),(86,3,4),(87,1,1),(87,1,2),(87,1,3),(87,1,4),(87,2,1),(87,2,2),(87,2,3),(87,2,4),(87,3,1),(87,3,2),(87,3,3),(87,3,4),(88,1,1),(88,1,2),(88,1,3),(88,1,4),(88,2,1),(88,2,2),(88,2,3),(88,2,4),(88,3,1),(88,3,2),(88,3,3),(88,3,4),(89,1,1),(89,1,2),(89,1,3),(89,1,4),(89,2,1),(89,2,2),(89,2,3),(89,2,4),(89,3,1),(89,3,2),(89,3,3),(89,3,4),(90,1,1),(90,1,2),(90,1,3),(90,1,4),(90,2,1),(90,2,2),(90,2,3),(90,2,4),(90,3,1),(90,3,2),(90,3,3),(90,3,4),(91,1,1),(91,1,2),(91,1,3),(91,1,4),(91,2,1),(91,2,2),(91,2,3),(91,2,4),(91,3,1),(91,3,2),(91,3,3),(91,3,4),(92,1,1),(92,1,2),(92,1,3),(92,1,4),(92,2,1),(92,2,2),(92,2,3),(92,2,4),(92,3,1),(92,3,2),(92,3,3),(92,3,4),(93,1,1),(93,1,2),(93,1,3),(93,1,4),(93,2,1),(93,2,2),(93,2,3),(93,2,4),(93,3,1),(93,3,2),(93,3,3),(93,3,4),(94,1,1),(94,1,2),(94,1,3),(94,1,4),(94,2,1),(94,2,2),(94,2,3),(94,2,4),(94,3,1),(94,3,2),(94,3,3),(94,3,4),(95,1,1),(95,1,2),(95,1,3),(95,1,4),(95,2,1),(95,2,2),(95,2,3),(95,2,4),(95,3,1),(95,3,2),(95,3,3),(95,3,4),(96,1,1),(96,1,2),(96,1,3),(96,1,4),(96,2,1),(96,2,2),(96,2,3),(96,2,4),(96,3,1),(96,3,2),(96,3,3),(96,3,4),(97,1,1),(97,1,2),(97,1,3),(97,1,4),(97,2,1),(97,2,2),(97,2,3),(97,2,4),(97,3,1),(97,3,2),(97,3,3),(97,3,4),(98,1,1),(98,1,2),(98,1,3),(98,1,4),(98,2,1),(98,2,2),(98,2,3),(98,2,4),(98,3,1),(98,3,2),(98,3,3),(98,3,4),(99,1,1),(99,1,2),(99,1,3),(99,1,4),(99,2,1),(99,2,2),(99,2,3),(99,2,4),(99,3,1),(99,3,2),(99,3,3),(99,3,4),(100,1,1),(100,1,2),(100,1,3),(100,1,4),(100,2,1),(100,2,2),(100,2,3),(100,2,4),(100,3,1),(100,3,2),(100,3,3),(100,3,4),(101,1,1),(101,1,2),(101,1,3),(101,1,4),(101,2,1),(101,2,2),(101,2,3),(101,2,4),(101,3,1),(101,3,2),(101,3,3),(101,3,4),(102,1,1),(102,1,2),(102,1,3),(102,1,4),(102,2,1),(102,2,2),(102,2,3),(102,2,4),(102,3,1),(102,3,2),(102,3,3),(102,3,4),(103,1,1),(103,1,2),(103,1,3),(103,1,4),(103,2,1),(103,2,2),(103,2,3),(103,2,4),(103,3,1),(103,3,2),(103,3,3),(103,3,4),(104,1,1),(104,1,2),(104,1,3),(104,1,4),(104,2,1),(104,2,2),(104,2,3),(104,2,4),(104,3,1),(104,3,2),(104,3,3),(104,3,4),(105,1,1),(105,1,2),(105,1,3),(105,1,4),(105,2,1),(105,2,2),(105,2,3),(105,2,4),(105,3,1),(105,3,2),(105,3,3),(105,3,4),(106,1,1),(106,1,2),(106,1,3),(106,1,4),(106,2,1),(106,2,2),(106,2,3),(106,2,4),(106,3,1),(106,3,2),(106,3,3),(106,3,4),(107,1,1),(107,1,2),(107,1,3),(107,1,4),(107,2,1),(107,2,2),(107,2,3),(107,2,4),(107,3,1),(107,3,2),(107,3,3),(107,3,4),(108,1,1),(108,1,2),(108,1,3),(108,1,4),(108,2,1),(108,2,2),(108,2,3),(108,2,4),(108,3,1),(108,3,2),(108,3,3),(108,3,4),(109,1,1),(109,1,2),(109,1,3),(109,1,4),(109,2,1),(109,2,2),(109,2,3),(109,2,4),(109,3,1),(109,3,2),(109,3,3),(109,3,4),(110,1,1),(110,1,2),(110,1,3),(110,1,4),(110,2,1),(110,2,2),(110,2,3),(110,2,4),(110,3,1),(110,3,2),(110,3,3),(110,3,4),(111,1,1),(111,1,2),(111,1,3),(111,1,4),(111,2,1),(111,2,2),(111,2,3),(111,2,4),(111,3,1),(111,3,2),(111,3,3),(111,3,4),(112,1,1),(112,1,2),(112,1,3),(112,1,4),(112,2,1),(112,2,2),(112,2,3),(112,2,4),(112,3,1),(112,3,2),(112,3,3),(112,3,4),(113,1,1),(113,1,2),(113,1,3),(113,1,4),(113,2,1),(113,2,2),(113,2,3),(113,2,4),(113,3,1),(113,3,2),(113,3,3),(113,3,4),(114,1,1),(114,1,2),(114,1,3),(114,1,4),(114,2,1),(114,2,2),(114,2,3),(114,2,4),(114,3,1),(114,3,2),(114,3,3),(114,3,4),(115,1,1),(115,1,2),(115,1,3),(115,1,4),(115,2,1),(115,2,2),(115,2,3),(115,2,4),(115,3,1),(115,3,2),(115,3,3),(115,3,4),(116,1,1),(116,1,2),(116,1,3),(116,1,4),(116,2,1),(116,2,2),(116,2,3),(116,2,4),(116,3,1),(116,3,2),(116,3,3),(116,3,4),(117,1,1),(117,1,2),(117,1,3),(117,1,4),(117,2,1),(117,2,2),(117,2,3),(117,2,4),(117,3,1),(117,3,2),(117,3,3),(117,3,4),(118,1,1),(118,1,2),(118,1,3),(118,1,4),(118,2,1),(118,2,2),(118,2,3),(118,2,4),(118,3,1),(118,3,2),(118,3,3),(118,3,4),(119,1,1),(119,1,2),(119,1,3),(119,1,4),(119,2,1),(119,2,2),(119,2,3),(119,2,4),(119,3,1),(119,3,2),(119,3,3),(119,3,4),(120,1,1),(120,1,2),(120,1,3),(120,1,4),(120,2,1),(120,2,2),(120,2,3),(120,2,4),(120,3,1),(120,3,2),(120,3,3),(120,3,4),(121,1,1),(121,1,2),(121,1,3),(121,1,4),(121,2,1),(121,2,2),(121,2,3),(121,2,4),(121,3,1),(121,3,2),(121,3,3),(121,3,4),(122,1,1),(122,1,2),(122,1,3),(122,1,4),(122,2,1),(122,2,2),(122,2,3),(122,2,4),(122,3,1),(122,3,2),(122,3,3),(122,3,4),(123,1,1),(123,1,2),(123,1,3),(123,1,4),(123,2,1),(123,2,2),(123,2,3),(123,2,4),(123,3,1),(123,3,2),(123,3,3),(123,3,4),(124,1,1),(124,1,2),(124,1,3),(124,1,4),(124,2,1),(124,2,2),(124,2,3),(124,2,4),(124,3,1),(124,3,2),(124,3,3),(124,3,4),(125,1,1),(125,1,2),(125,1,3),(125,1,4),(125,2,1),(125,2,2),(125,2,3),(125,2,4),(125,3,1),(125,3,2),(125,3,3),(125,3,4),(126,1,1),(126,1,2),(126,1,3),(126,1,4),(126,2,1),(126,2,2),(126,2,3),(126,2,4),(126,3,1),(126,3,2),(126,3,3),(126,3,4),(127,1,1),(127,1,2),(127,1,3),(127,1,4),(127,2,1),(127,2,2),(127,2,3),(127,2,4),(127,3,1),(127,3,2),(127,3,3),(127,3,4),(128,1,1),(128,1,2),(128,1,3),(128,1,4),(128,2,1),(128,2,2),(128,2,3),(128,2,4),(128,3,1),(128,3,2),(128,3,3),(128,3,4),(129,1,1),(129,1,2),(129,1,3),(129,1,4),(129,2,1),(129,2,2),(129,2,3),(129,2,4),(129,3,1),(129,3,2),(129,3,3),(129,3,4),(130,1,1),(130,1,2),(130,1,3),(130,1,4),(130,2,1),(130,2,2),(130,2,3),(130,2,4),(130,3,1),(130,3,2),(130,3,3),(130,3,4),(131,1,1),(131,1,2),(131,1,3),(131,1,4),(131,2,1),(131,2,2),(131,2,3),(131,2,4),(131,3,1),(131,3,2),(131,3,3),(131,3,4),(132,1,1),(132,1,2),(132,1,3),(132,1,4),(132,2,1),(132,2,2),(132,2,3),(132,2,4),(132,3,1),(132,3,2),(132,3,3),(132,3,4),(133,1,1),(133,1,2),(133,1,3),(133,1,4),(133,2,1),(133,2,2),(133,2,3),(133,2,4),(133,3,1),(133,3,2),(133,3,3),(133,3,4),(134,1,1),(134,1,2),(134,1,3),(134,1,4),(134,2,1),(134,2,2),(134,2,3),(134,2,4),(134,3,1),(134,3,2),(134,3,3),(134,3,4),(135,1,1),(135,1,2),(135,1,3),(135,1,4),(135,2,1),(135,2,2),(135,2,3),(135,2,4),(135,3,1),(135,3,2),(135,3,3),(135,3,4),(136,1,1),(136,1,2),(136,1,3),(136,1,4),(136,2,1),(136,2,2),(136,2,3),(136,2,4),(136,3,1),(136,3,2),(136,3,3),(136,3,4),(137,1,1),(137,1,2),(137,1,3),(137,1,4),(137,2,1),(137,2,2),(137,2,3),(137,2,4),(137,3,1),(137,3,2),(137,3,3),(137,3,4),(138,1,1),(138,1,2),(138,1,3),(138,1,4),(138,2,1),(138,2,2),(138,2,3),(138,2,4),(138,3,1),(138,3,2),(138,3,3),(138,3,4),(139,1,1),(139,1,2),(139,1,3),(139,1,4),(139,2,1),(139,2,2),(139,2,3),(139,2,4),(139,3,1),(139,3,2),(139,3,3),(139,3,4),(140,1,1),(140,1,2),(140,1,3),(140,1,4),(140,2,1),(140,2,2),(140,2,3),(140,2,4),(140,3,1),(140,3,2),(140,3,3),(140,3,4),(141,1,1),(141,1,2),(141,1,3),(141,1,4),(141,2,1),(141,2,2),(141,2,3),(141,2,4),(141,3,1),(141,3,2),(141,3,3),(141,3,4),(142,1,1),(142,1,2),(142,1,3),(142,1,4),(142,2,1),(142,2,2),(142,2,3),(142,2,4),(142,3,1),(142,3,2),(142,3,3),(142,3,4),(143,1,1),(143,1,2),(143,1,3),(143,1,4),(143,2,1),(143,2,2),(143,2,3),(143,2,4),(143,3,1),(143,3,2),(143,3,3),(143,3,4),(144,1,1),(144,1,2),(144,1,3),(144,1,4),(144,2,1),(144,2,2),(144,2,3),(144,2,4),(144,3,1),(144,3,2),(144,3,3),(144,3,4),(145,1,1),(145,1,2),(145,1,3),(145,1,4),(145,2,1),(145,2,2),(145,2,3),(145,2,4),(145,3,1),(145,3,2),(145,3,3),(145,3,4),(146,1,1),(146,1,2),(146,1,3),(146,1,4),(146,2,1),(146,2,2),(146,2,3),(146,2,4),(146,3,1),(146,3,2),(146,3,3),(146,3,4),(147,1,1),(147,1,2),(147,1,3),(147,1,4),(147,2,1),(147,2,2),(147,2,3),(147,2,4),(147,3,1),(147,3,2),(147,3,3),(147,3,4),(148,1,1),(148,1,2),(148,1,3),(148,1,4),(148,2,1),(148,2,2),(148,2,3),(148,2,4),(148,3,1),(148,3,2),(148,3,3),(148,3,4),(149,1,1),(149,1,2),(149,1,3),(149,1,4),(149,2,1),(149,2,2),(149,2,3),(149,2,4),(149,3,1),(149,3,2),(149,3,3),(149,3,4),(150,1,1),(150,1,2),(150,1,3),(150,1,4),(150,2,1),(150,2,2),(150,2,3),(150,2,4),(150,3,1),(150,3,2),(150,3,3),(150,3,4),(151,1,1),(151,1,2),(151,1,3),(151,1,4),(151,2,1),(151,2,2),(151,2,3),(151,2,4),(151,3,1),(151,3,2),(151,3,3),(151,3,4),(152,1,1),(152,1,2),(152,1,3),(152,1,4),(152,2,1),(152,2,2),(152,2,3),(152,2,4),(152,3,1),(152,3,2),(152,3,3),(152,3,4),(153,1,1),(153,1,2),(153,1,3),(153,1,4),(153,2,1),(153,2,2),(153,2,3),(153,2,4),(153,3,1),(153,3,2),(153,3,3),(153,3,4),(154,1,1),(154,1,2),(154,1,3),(154,1,4),(154,2,1),(154,2,2),(154,2,3),(154,2,4),(154,3,1),(154,3,2),(154,3,3),(154,3,4),(155,1,1),(155,1,2),(155,1,3),(155,1,4),(155,2,1),(155,2,2),(155,2,3),(155,2,4),(155,3,1),(155,3,2),(155,3,3),(155,3,4),(156,1,1),(156,1,2),(156,1,3),(156,1,4),(156,2,1),(156,2,2),(156,2,3),(156,2,4),(156,3,1),(156,3,2),(156,3,3),(156,3,4),(157,1,1),(157,1,2),(157,1,3),(157,1,4),(157,2,1),(157,2,2),(157,2,3),(157,2,4),(157,3,1),(157,3,2),(157,3,3),(157,3,4),(158,1,1),(158,1,2),(158,1,3),(158,1,4),(158,2,1),(158,2,2),(158,2,3),(158,2,4),(158,3,1),(158,3,2),(158,3,3),(158,3,4),(159,1,1),(159,1,2),(159,1,3),(159,1,4),(159,2,1),(159,2,2),(159,2,3),(159,2,4),(159,3,1),(159,3,2),(159,3,3),(159,3,4),(160,1,1),(160,1,2),(160,1,3),(160,1,4),(160,2,1),(160,2,2),(160,2,3),(160,2,4),(160,3,1),(160,3,2),(160,3,3),(160,3,4),(161,1,1),(161,1,2),(161,1,3),(161,1,4),(161,2,1),(161,2,2),(161,2,3),(161,2,4),(161,3,1),(161,3,2),(161,3,3),(161,3,4),(162,1,1),(162,1,2),(162,1,3),(162,1,4),(162,2,1),(162,2,2),(162,2,3),(162,2,4),(162,3,1),(162,3,2),(162,3,3),(162,3,4),(163,1,1),(163,1,2),(163,1,3),(163,1,4),(163,2,1),(163,2,2),(163,2,3),(163,2,4),(163,3,1),(163,3,2),(163,3,3),(163,3,4),(164,1,1),(164,1,2),(164,1,3),(164,1,4),(164,2,1),(164,2,2),(164,2,3),(164,2,4),(164,3,1),(164,3,2),(164,3,3),(164,3,4),(165,1,1),(165,1,2),(165,1,3),(165,1,4),(165,2,1),(165,2,2),(165,2,3),(165,2,4),(165,3,1),(165,3,2),(165,3,3),(165,3,4),(166,1,1),(166,1,2),(166,1,3),(166,1,4),(166,2,1),(166,2,2),(166,2,3),(166,2,4),(166,3,1),(166,3,2),(166,3,3),(166,3,4),(167,1,1),(167,1,2),(167,1,3),(167,1,4),(167,2,1),(167,2,2),(167,2,3),(167,2,4),(167,3,1),(167,3,2),(167,3,3),(167,3,4),(168,1,1),(168,1,2),(168,1,3),(168,1,4),(168,2,1),(168,2,2),(168,2,3),(168,2,4),(168,3,1),(168,3,2),(168,3,3),(168,3,4),(169,1,1),(169,1,2),(169,1,3),(169,1,4),(169,2,1),(169,2,2),(169,2,3),(169,2,4),(169,3,1),(169,3,2),(169,3,3),(169,3,4),(170,1,1),(170,1,2),(170,1,3),(170,1,4),(170,2,1),(170,2,2),(170,2,3),(170,2,4),(170,3,1),(170,3,2),(170,3,3),(170,3,4),(171,1,1),(171,1,2),(171,1,3),(171,1,4),(171,2,1),(171,2,2),(171,2,3),(171,2,4),(171,3,1),(171,3,2),(171,3,3),(171,3,4),(172,1,1),(172,1,2),(172,1,3),(172,1,4),(172,2,1),(172,2,2),(172,2,3),(172,2,4),(172,3,1),(172,3,2),(172,3,3),(172,3,4),(173,1,1),(173,1,2),(173,1,3),(173,1,4),(173,2,1),(173,2,2),(173,2,3),(173,2,4),(173,3,1),(173,3,2),(173,3,3),(173,3,4),(174,1,1),(174,1,2),(174,1,3),(174,1,4),(174,2,1),(174,2,2),(174,2,3),(174,2,4),(174,3,1),(174,3,2),(174,3,3),(174,3,4),(175,1,1),(175,1,2),(175,1,3),(175,1,4),(175,2,1),(175,2,2),(175,2,3),(175,2,4),(175,3,1),(175,3,2),(175,3,3),(175,3,4),(176,1,1),(176,1,2),(176,1,3),(176,1,4),(176,2,1),(176,2,2),(176,2,3),(176,2,4),(176,3,1),(176,3,2),(176,3,3),(176,3,4),(177,1,1),(177,1,2),(177,1,3),(177,1,4),(177,2,1),(177,2,2),(177,2,3),(177,2,4),(177,3,1),(177,3,2),(177,3,3),(177,3,4),(178,1,1),(178,1,2),(178,1,3),(178,1,4),(178,2,1),(178,2,2),(178,2,3),(178,2,4),(178,3,1),(178,3,2),(178,3,3),(178,3,4),(179,1,1),(179,1,2),(179,1,3),(179,1,4),(179,2,1),(179,2,2),(179,2,3),(179,2,4),(179,3,1),(179,3,2),(179,3,3),(179,3,4),(180,1,1),(180,1,2),(180,1,3),(180,1,4),(180,2,1),(180,2,2),(180,2,3),(180,2,4),(180,3,1),(180,3,2),(180,3,3),(180,3,4),(181,1,1),(181,1,2),(181,1,3),(181,1,4),(181,2,1),(181,2,2),(181,2,3),(181,2,4),(181,3,1),(181,3,2),(181,3,3),(181,3,4),(182,1,1),(182,1,2),(182,1,3),(182,1,4),(182,2,1),(182,2,2),(182,2,3),(182,2,4),(182,3,1),(182,3,2),(182,3,3),(182,3,4),(183,1,1),(183,1,2),(183,1,3),(183,1,4),(183,2,1),(183,2,2),(183,2,3),(183,2,4),(183,3,1),(183,3,2),(183,3,3),(183,3,4),(184,1,1),(184,1,2),(184,1,3),(184,1,4),(184,2,1),(184,2,2),(184,2,3),(184,2,4),(184,3,1),(184,3,2),(184,3,3),(184,3,4),(185,1,1),(185,1,2),(185,1,3),(185,1,4),(185,2,1),(185,2,2),(185,2,3),(185,2,4),(185,3,1),(185,3,2),(185,3,3),(185,3,4),(186,1,1),(186,1,2),(186,1,3),(186,1,4),(186,2,1),(186,2,2),(186,2,3),(186,2,4),(186,3,1),(186,3,2),(186,3,3),(186,3,4),(187,1,1),(187,1,2),(187,1,3),(187,1,4),(187,2,1),(187,2,2),(187,2,3),(187,2,4),(187,3,1),(187,3,2),(187,3,3),(187,3,4),(188,1,1),(188,1,2),(188,1,3),(188,1,4),(188,2,1),(188,2,2),(188,2,3),(188,2,4),(188,3,1),(188,3,2),(188,3,3),(188,3,4),(189,1,1),(189,1,2),(189,1,3),(189,1,4),(189,2,1),(189,2,2),(189,2,3),(189,2,4),(189,3,1),(189,3,2),(189,3,3),(189,3,4);
/*!40000 ALTER TABLE `signals` ENABLE KEYS */;
UNLOCK TABLES;

--
-- Table structure for table `tmid`
--

DROP TABLE IF EXISTS `tmid`;
/*!40101 SET @saved_cs_client     = @@character_set_client */;
/*!50503 SET character_set_client = utf8mb4 */;
CREATE TABLE `tmid` (
  `measurement` int NOT NULL,
  `array` int NOT NULL,
  `microphone` int NOT NULL,
  `location` float NOT NULL DEFAULT '0',
  PRIMARY KEY (`measurement`,`microphone`,`array`),
  KEY `fk_signals` (`measurement`,`array`,`microphone`),
  CONSTRAINT `fk_signals` FOREIGN KEY (`measurement`, `array`, `microphone`) REFERENCES `signals` (`measurement`, `array`, `microphone`)
) ENGINE=InnoDB DEFAULT CHARSET=latin1;
/*!40101 SET character_set_client = @saved_cs_client */;

--
-- Dumping data for table `tmid`
--

LOCK TABLES `tmid` WRITE;
/*!40000 ALTER TABLE `tmid` DISABLE KEYS */;
INSERT INTO `tmid` VALUES (1,1,1,10.9204),(1,2,1,10.9204),(1,3,1,10.9204),(1,1,2,10.9204),(1,2,2,10.9204),(1,3,2,10.9204),(1,1,3,10.9204),(1,2,3,10.9204),(1,3,3,10.9204),(1,1,4,10.9204),(1,2,4,10.9204),(1,3,4,10.9204),(2,1,1,11.7305),(2,2,1,11.7305),(2,3,1,11.7905),(2,1,2,11.7905),(2,2,2,11.7605),(2,3,2,11.7605),(2,1,3,11.7005),(2,2,3,11.7605),(2,3,3,11.7605),(2,1,4,11.7605),(2,2,4,11.7605),(2,3,4,11.7605),(3,1,1,10.8904),(3,2,1,10.8904),(3,3,1,10.8904),(3,1,2,10.8904),(3,2,2,10.8904),(3,3,2,10.8904),(3,1,3,10.8904),(3,2,3,10.9204),(3,3,3,10.8904),(3,1,4,10.8004),(3,2,4,10.8904),(3,3,4,10.8004),(4,1,1,13.8605),(4,2,1,13.8605),(4,3,1,13.8605),(4,1,2,13.8605),(4,2,2,13.8305),(4,3,2,13.8605),(4,1,3,13.8305),(4,2,3,13.8605),(4,3,3,13.8605),(4,1,4,13.8305),(4,2,4,13.8605),(4,3,4,13.8305),(5,1,1,13.4105),(5,2,1,13.4105),(5,3,1,13.4405),(5,1,2,13.4105),(5,2,2,13.4105),(5,3,2,13.4405),(5,1,3,13.5005),(5,2,3,13.4105),(5,3,3,13.4405),(5,1,4,13.4105),(5,2,4,13.4255),(5,3,4,13.4255),(6,1,1,16.5606),(6,2,1,16.6507),(6,3,1,16.6507),(6,1,2,16.6507),(6,2,2,16.6507),(6,3,2,16.6507),(6,1,3,16.6507),(6,2,3,16.6507),(6,3,3,16.6507),(6,1,4,16.5906),(6,2,4,16.6507),(6,3,4,16.6507),(7,1,1,13.5305),(7,2,1,13.5905),(7,3,1,13.6505),(7,1,2,13.5305),(7,2,2,13.5905),(7,3,2,13.5905),(7,1,3,13.5905),(7,2,3,13.5905),(7,3,3,13.5905),(7,1,4,13.5905),(7,2,4,13.5905),(7,3,4,13.5905),(8,1,1,9.85538),(8,2,1,9.84038),(8,3,1,9.84038),(8,1,2,9.85538),(8,2,2,9.96039),(8,3,2,9.84038),(8,1,3,9.87039),(8,2,3,9.96039),(8,3,3,9.96039),(8,1,4,9.87039),(8,2,4,9.87039),(8,3,4,9.84038),(9,1,1,13.9805),(9,2,1,14.0405),(9,3,1,14.0105),(9,1,2,13.9805),(9,2,2,14.0405),(9,3,2,14.0405),(9,1,3,13.9505),(9,2,3,14.0405),(9,3,3,14.0105),(9,1,4,14.0705),(9,2,4,14.0705),(9,3,4,14.0705),(10,1,1,16.9507),(10,2,1,17.1307),(10,3,1,17.1307),(10,1,2,16.9507),(10,2,2,17.1307),(10,3,2,17.1307),(10,1,3,16.8907),(10,2,3,16.9507),(10,3,3,17.1307),(10,1,4,16.8307),(10,2,4,16.9507),(10,3,4,16.9507),(11,1,1,14.7906),(11,2,1,14.7906),(11,3,1,14.7906),(11,1,2,14.7906),(11,2,2,14.7906),(11,3,2,14.7906),(11,1,3,14.7906),(11,2,3,14.7906),(11,3,3,14.7906),(11,1,4,14.7906),(11,2,4,14.7906),(11,3,4,14.7906),(12,1,1,10.8004),(12,2,1,10.8004),(12,3,1,10.8004),(12,1,2,10.8004),(12,2,2,10.8004),(12,3,2,10.8004),(12,1,3,10.8004),(12,2,3,10.8004),(12,3,3,10.8004),(12,1,4,10.8004),(12,2,4,10.8004),(12,3,4,10.8004),(13,1,1,12.7805),(13,2,1,12.7805),(13,3,1,12.7505),(13,1,2,12.7805),(13,2,2,12.7205),(13,3,2,12.7205),(13,1,3,12.7805),(13,2,3,12.7805),(13,3,3,12.7205),(13,1,4,12.7805),(13,2,4,12.7805),(13,3,4,12.7805),(14,1,1,14.2356),(14,2,1,14.2206),(14,3,1,14.2356),(14,1,2,14.1606),(14,2,2,14.2356),(14,3,2,14.2206),(14,1,3,14.2206),(14,2,3,14.2356),(14,3,3,14.2506),(14,1,4,14.2356),(14,2,4,14.2806),(14,3,4,14.2356),(15,1,1,15.2106),(15,2,1,15.2106),(15,3,1,15.2406),(15,1,2,15.2106),(15,2,2,15.2106),(15,3,2,15.2106),(15,1,3,15.3006),(15,2,3,15.2106),(15,3,3,15.2106),(15,1,4,15.3006),(15,2,4,15.2106),(15,3,4,15.2106),(16,1,1,14.6706),(16,2,1,14.6706),(16,3,1,14.6706),(16,1,2,14.6706),(16,2,2,14.6706),(16,3,2,14.6706),(16,1,3,14.6706),(16,2,3,14.6706),(16,3,3,14.6706),(16,1,4,14.6706),(16,2,4,14.6706),(16,3,4,14.6706),(17,1,1,15.2406),(17,2,1,15.2406),(17,3,1,15.2406),(17,1,2,15.2406),(17,2,2,15.2406),(17,3,2,15.2406),(17,1,3,15.2406),(17,2,3,15.2406),(17,3,3,15.2406),(17,1,4,15.2406),(17,2,4,15.2406),(17,3,4,15.2406),(18,1,1,18.2407),(18,2,1,18.2407),(18,3,1,17.5207),(18,1,2,18.2407),(18,2,2,18.2407),(18,3,2,18.2407),(18,1,3,18.2407),(18,2,3,18.2407),(18,3,3,18.2407),(18,1,4,18.2407),(18,2,4,18.2407),(18,3,4,18.2407),(19,1,1,14.8806),(19,2,1,15.9306),(19,3,1,16.0806),(19,1,2,15.9306),(19,2,2,15.9306),(19,3,2,15.9306),(19,1,3,15.7506),(19,2,3,15.9306),(19,3,3,15.9306),(19,1,4,15.3306),(19,2,4,15.9306),(19,3,4,15.9306),(20,1,1,14.1306),(20,2,1,14.1306),(20,3,1,14.1306),(20,1,2,14.1306),(20,2,2,14.1306),(20,3,2,14.1306),(20,1,3,14.1306),(20,2,3,14.1306),(20,3,3,14.1306),(20,1,4,14.1006),(20,2,4,14.1306),(20,3,4,14.1306),(21,1,1,12.6005),(21,2,1,13.3505),(21,3,1,13.3505),(21,1,2,13.3505),(21,2,2,13.3505),(21,3,2,13.4105),(21,1,3,13.3505),(21,2,3,12.9305),(21,3,3,13.3505),(21,1,4,13.3505),(21,2,4,13.3505),(21,3,4,13.4105),(22,1,1,11.8955),(22,2,1,11.8955),(22,3,1,11.8805),(22,1,2,11.9105),(22,2,2,11.8955),(22,3,2,11.8805),(22,1,3,11.8955),(22,2,3,11.8955),(22,3,3,11.8205),(22,1,4,11.8505),(22,2,4,11.8805),(22,3,4,11.8955),(23,1,1,11.8505),(23,2,1,11.9405),(23,3,1,11.9405),(23,1,2,11.9105),(23,2,2,11.9405),(23,3,2,11.9405),(23,1,3,11.9105),(23,2,3,11.9405),(23,3,3,11.9405),(23,1,4,11.9255),(23,2,4,11.9105),(23,3,4,11.9105),(24,1,1,15.5106),(24,2,1,15.5106),(24,3,1,15.5406),(24,1,2,15.5106),(24,2,2,15.5106),(24,3,2,15.5106),(24,1,3,15.5106),(24,2,3,15.5106),(24,3,3,15.5106),(24,1,4,15.5106),(24,2,4,15.5106),(24,3,4,15.5106),(25,1,1,12.8105),(25,2,1,12.7805),(25,3,1,12.8105),(25,1,2,12.7805),(25,2,2,12.8105),(25,3,2,12.7805),(25,1,3,12.8105),(25,2,3,12.8105),(25,3,3,12.7805),(25,1,4,12.8105),(25,2,4,12.7805),(25,3,4,12.8105),(26,1,1,14.7306),(26,2,1,14.7006),(26,3,1,13.9505),(26,1,2,14.2806),(26,2,2,13.8905),(26,3,2,14.7006),(26,1,3,14.6406),(26,2,3,14.7906),(26,3,3,13.5305),(26,1,4,13.8905),(26,2,4,14.6106),(26,3,4,14.2806),(27,1,1,13.9055),(27,2,1,13.9055),(27,3,1,14.5806),(27,1,2,13.6505),(27,2,2,13.9055),(27,3,2,14.8506),(27,1,3,13.8905),(27,2,3,14.8206),(27,3,3,14.8506),(27,1,4,13.9205),(27,2,4,14.8506),(27,3,4,13.9055),(28,1,1,9.15036),(28,2,1,9.15036),(28,3,1,9.21036),(28,1,2,9.15036),(28,2,2,9.15036),(28,3,2,9.21036),(28,1,3,9.12036),(28,2,3,9.15036),(28,3,3,9.21036),(28,1,4,9.18036),(28,2,4,9.15036),(28,3,4,9.21036),(29,1,1,12.2105),(29,2,1,12.2105),(29,3,1,12.2105),(29,1,2,12.2105),(29,2,2,12.2105),(29,3,2,12.2105),(29,1,3,12.2105),(29,2,3,12.2105),(29,3,3,12.2105),(29,1,4,12.2105),(29,2,4,12.1505),(29,3,4,12.1505),(30,1,1,11.6105),(30,2,1,11.6105),(30,3,1,11.6105),(30,1,2,11.6105),(30,2,2,11.6105),(30,3,2,11.6105),(30,1,3,11.6105),(30,2,3,11.6105),(30,3,3,11.6105),(30,1,4,11.6105),(30,2,4,11.6105),(30,3,4,11.6105),(31,1,1,10.3204),(31,2,1,10.4104),(31,3,1,10.3204),(31,1,2,10.4704),(31,2,2,10.4104),(31,3,2,10.3204),(31,1,3,10.3204),(31,2,3,10.3504),(31,3,3,10.3204),(31,1,4,10.3204),(31,2,4,10.4104),(31,3,4,10.3204),(32,1,1,9.84038),(32,2,1,9.81038),(32,3,1,9.81038),(32,1,2,9.81038),(32,2,2,9.81038),(32,3,2,9.81038),(32,1,3,9.81038),(32,2,3,9.81038),(32,3,3,9.81038),(32,1,4,9.81038),(32,2,4,9.81038),(32,3,4,9.81038),(33,1,1,9.78038),(33,2,1,9.54037),(33,3,1,9.54037),(33,1,2,9.78038),(33,2,2,9.54037),(33,3,2,9.54037),(33,1,3,9.51037),(33,2,3,9.54037),(33,3,3,9.54037),(33,1,4,9.54037),(33,2,4,9.54037),(33,3,4,9.54037),(34,1,1,11.2204),(34,2,1,11.2204),(34,3,1,11.2504),(34,1,2,11.2204),(34,2,2,11.2204),(34,3,2,11.2204),(34,1,3,11.6405),(34,2,3,11.2204),(34,3,3,8.88035),(34,1,4,8.88035),(34,2,4,8.91035),(34,3,4,8.82034),(35,1,1,7.6203),(35,2,1,8.46033),(35,3,1,8.79034),(35,1,2,8.49033),(35,2,2,8.52033),(35,3,2,8.79034),(35,1,3,7.5903),(35,2,3,8.52033),(35,3,3,8.49033),(35,1,4,7.6203),(35,2,4,8.52033),(35,3,4,7.6203),(36,1,1,10.6204),(36,2,1,10.6504),(36,3,1,10.5904),(36,1,2,10.6204),(36,2,2,10.6504),(36,3,2,10.5904),(36,1,3,10.6204),(36,2,3,10.5904),(36,3,3,10.6204),(36,1,4,10.5904),(36,2,4,10.6204),(36,3,4,10.6204),(37,1,1,10.2004),(37,2,1,10.6504),(37,3,1,10.6504),(37,1,2,10.6204),(37,2,2,10.6504),(37,3,2,10.6504),(37,1,3,10.6504),(37,2,3,10.6504),(37,3,3,10.1404),(37,1,4,10.1704),(37,2,4,10.6354),(37,3,4,10.6354),(38,1,1,13.0505),(38,2,1,13.0505),(38,3,1,13.0205),(38,1,2,13.0505),(38,2,2,13.0505),(38,3,2,13.0505),(38,1,3,13.0205),(38,2,3,13.0505),(38,3,3,13.0505),(38,1,4,13.0205),(38,2,4,13.0505),(38,3,4,13.0505),(39,1,1,7.35029),(39,2,1,7.35029),(39,3,1,7.35029),(39,1,2,7.35029),(39,2,2,7.35029),(39,3,2,7.35029),(39,1,3,7.35029),(39,2,3,7.35029),(39,3,3,7.35029),(39,1,4,7.35029),(39,2,4,7.35029),(39,3,4,7.35029),(40,1,1,10.0504),(40,2,1,10.0504),(40,3,1,10.0504),(40,1,2,10.0504),(40,2,2,10.0504),(40,3,2,10.0504),(40,1,3,10.0504),(40,2,3,10.0504),(40,3,3,10.0504),(40,1,4,10.0504),(40,2,4,10.0504),(40,3,4,10.0504),(41,1,1,13.1105),(41,2,1,12.3305),(41,3,1,12.3305),(41,1,2,12.3305),(41,2,2,12.6905),(41,3,2,12.3305),(41,1,3,13.1105),(41,2,3,12.3305),(41,3,3,12.3305),(41,1,4,12.6905),(41,2,4,12.3305),(41,3,4,12.3305),(42,1,1,12.8705),(42,2,1,11.9705),(42,3,1,12.0905),(42,1,2,12.5105),(42,2,2,11.9405),(42,3,2,12.5105),(42,1,3,12.5705),(42,2,3,12.0605),(42,3,3,12.8405),(42,1,4,12.5105),(42,2,4,12.8705),(42,3,4,12.8705),(43,1,1,9.21036),(43,2,1,9.15036),(43,3,1,9.21036),(43,1,2,9.19536),(43,2,2,9.15036),(43,3,2,9.21036),(43,1,3,9.15036),(43,2,3,9.15036),(43,3,3,9.21036),(43,1,4,9.21036),(43,2,4,9.18036),(43,3,4,9.15036),(44,1,1,15.6606),(44,2,1,15.1506),(44,3,1,14.2206),(44,1,2,15.5106),(44,2,2,15.9306),(44,3,2,14.2206),(44,1,3,14.5356),(44,2,3,14.2206),(44,3,3,14.2206),(44,1,4,14.5356),(44,2,4,14.2806),(44,3,4,14.7906),(45,1,1,12.1505),(45,2,1,12.1505),(45,3,1,12.1505),(45,1,2,12.1505),(45,2,2,12.1505),(45,3,2,12.1505),(45,1,3,12.1505),(45,2,3,12.1505),(45,3,3,12.1505),(45,1,4,12.1505),(45,2,4,12.1505),(45,3,4,12.1505),(46,1,1,10.2604),(46,2,1,10.2604),(46,3,1,10.2604),(46,1,2,10.2604),(46,2,2,10.2604),(46,3,2,10.2604),(46,1,3,10.2604),(46,2,3,10.2604),(46,3,3,10.2604),(46,1,4,10.2604),(46,2,4,10.2604),(46,3,4,10.2604),(47,1,1,13.5905),(47,2,1,13.5905),(47,3,1,13.5905),(47,1,2,13.5905),(47,2,2,13.5905),(47,3,2,13.5905),(47,1,3,13.5905),(47,2,3,13.5905),(47,3,3,13.5905),(47,1,4,13.5005),(47,2,4,13.6205),(47,3,4,13.6205),(48,1,1,10.3204),(48,2,1,10.3204),(48,3,1,10.3204),(48,1,2,10.3204),(48,2,2,10.3204),(48,3,2,10.3204),(48,1,3,8.40033),(48,2,3,10.3204),(48,3,3,10.3204),(48,1,4,10.3204),(48,2,4,10.3204),(48,3,4,10.3204),(49,1,1,10.7704),(49,2,1,10.7704),(49,3,1,10.5004),(49,1,2,10.7704),(49,2,2,10.7704),(49,3,2,11.0104),(49,1,3,10.7704),(49,2,3,10.7704),(49,3,3,11.9105),(49,1,4,11.8205),(49,2,4,10.7704),(49,3,4,10.7704),(50,1,1,9.81038),(50,2,1,9.75038),(50,3,1,9.75038),(50,1,2,9.81038),(50,2,2,9.75038),(50,3,2,9.81038),(50,1,3,9.78038),(50,2,3,9.75038),(50,3,3,9.81038),(50,1,4,9.79538),(50,2,4,9.81038),(50,3,4,9.81038),(51,1,1,10.5004),(51,2,1,10.5004),(51,3,1,10.5004),(51,1,2,10.5004),(51,2,2,10.5004),(51,3,2,10.5004),(51,1,3,10.5004),(51,2,3,10.5004),(51,3,3,10.5004),(51,1,4,10.5004),(51,2,4,10.5004),(51,3,4,10.5004),(52,1,1,11.8205),(52,2,1,11.8205),(52,3,1,11.6705),(52,1,2,11.7305),(52,2,2,11.8205),(52,3,2,11.7305),(52,1,3,11.7905),(52,2,3,11.8205),(52,3,3,11.8805),(52,1,4,11.6705),(52,2,4,11.5805),(52,3,4,11.8505),(53,1,1,4.71019),(53,2,1,3.93015),(53,3,1,5.52022),(53,1,2,3.93015),(53,2,2,3.87015),(53,3,2,5.85023),(53,1,3,3.63014),(53,2,3,3.84015),(53,3,3,4.71019),(53,1,4,5.73022),(53,2,4,4.08016),(53,3,4,5.34021),(54,1,1,14.3106),(54,2,1,14.4906),(54,3,1,14.4906),(54,1,2,14.4906),(54,2,2,14.4906),(54,3,2,14.4906),(54,1,3,14.4906),(54,2,3,14.4906),(54,3,3,14.4906),(54,1,4,14.4906),(54,2,4,14.4906),(54,3,4,14.4906),(55,1,1,13.4105),(55,2,1,13.4105),(55,3,1,13.5005),(55,1,2,13.4405),(55,2,2,13.4105),(55,3,2,13.4105),(55,1,3,13.4405),(55,2,3,13.4105),(55,3,3,13.4105),(55,1,4,13.4105),(55,2,4,13.4105),(55,3,4,13.4105),(56,1,1,10.6204),(56,2,1,11.6405),(56,3,1,11.6705),(56,1,2,11.6405),(56,2,2,11.6405),(56,3,2,11.6405),(56,1,3,11.6405),(56,2,3,11.6405),(56,3,3,11.6405),(56,1,4,12.1205),(56,2,4,11.6405),(56,3,4,11.6405),(57,1,1,9.36037),(57,2,1,9.36037),(57,3,1,9.36037),(57,1,2,9.45037),(57,2,2,9.45037),(57,3,2,9.42037),(57,1,3,9.33036),(57,2,3,9.36037),(57,3,3,9.45037),(57,1,4,9.36037),(57,2,4,9.36037),(57,3,4,9.36037),(58,1,1,10.2004),(58,2,1,10.2904),(58,3,1,10.2304),(58,1,2,9.69038),(58,2,2,10.2604),(58,3,2,10.2304),(58,1,3,10.2304),(58,2,3,9.18036),(58,3,3,10.1704),(58,1,4,9.69038),(58,2,4,9.75038),(58,3,4,10.2004),(59,1,1,12.3605),(59,2,1,12.8705),(59,3,1,13.1105),(59,1,2,13.0505),(59,2,2,12.2705),(59,3,2,12.8705),(59,1,3,13.1105),(59,2,3,13.1105),(59,3,3,12.8705),(59,1,4,11.4904),(59,2,4,12.3905),(59,3,4,12.8705),(60,1,1,10.2604),(60,2,1,10.1104),(60,3,1,10.1104),(60,1,2,10.2904),(60,2,2,10.1104),(60,3,2,10.1104),(60,1,3,10.2604),(60,2,3,10.1104),(60,3,3,10.1404),(60,1,4,10.1104),(60,2,4,10.1104),(60,3,4,10.2004),(61,1,1,10.2304),(61,2,1,10.2304),(61,3,1,10.2304),(61,1,2,10.2304),(61,2,2,10.2304),(61,3,2,10.2304),(61,1,3,10.2304),(61,2,3,10.2304),(61,3,3,10.2304),(61,1,4,10.2304),(61,2,4,10.2304),(61,3,4,10.2304),(62,1,1,7.92031),(62,2,1,7.95031),(62,3,1,7.95031),(62,1,2,7.95031),(62,2,2,7.95031),(62,3,2,7.95031),(62,1,3,7.95031),(62,2,3,7.95031),(62,3,3,7.95031),(62,1,4,7.95031),(62,2,4,7.95031),(62,3,4,7.95031),(64,1,1,10.6804),(64,2,1,10.8904),(64,3,1,10.8904),(64,1,2,10.8904),(64,2,2,10.8904),(64,3,2,10.8904),(64,1,3,10.8904),(64,2,3,10.8004),(64,3,3,10.9804),(64,1,4,10.8904),(64,2,4,10.9804),(64,3,4,10.9804),(65,1,1,7.6503),(65,2,1,7.6203),(65,3,1,7.6803),(65,1,2,7.6503),(65,2,2,7.6203),(65,3,2,7.6803),(65,1,3,7.6503),(65,2,3,7.6203),(65,3,3,7.6803),(65,1,4,7.6503),(65,2,4,7.6203),(65,3,4,7.6803),(66,1,1,8.56534),(66,2,1,6.93027),(66,3,1,8.56534),(66,1,2,6.96027),(66,2,2,7.02027),(66,3,2,9.24036),(66,1,3,7.32029),(66,2,3,6.93027),(66,3,3,9.24036),(66,1,4,9.24036),(66,2,4,9.24036),(66,3,4,7.89031),(67,1,1,15.2706),(67,2,1,14.5506),(67,3,1,13.2005),(67,1,2,13.2005),(67,2,2,14.5506),(67,3,2,13.2005),(67,1,3,13.2005),(67,2,3,13.2005),(67,3,3,13.2005),(67,1,4,13.2605),(67,2,4,13.2005),(67,3,4,13.2005),(68,1,1,15.6006),(68,2,1,15.7206),(68,3,1,15.7206),(68,1,2,15.7206),(68,2,2,15.7206),(68,3,2,15.7206),(68,1,3,15.6606),(68,2,3,15.7206),(68,3,3,15.7206),(68,1,4,15.7206),(68,2,4,15.7206),(68,3,4,15.7206),(69,1,1,9.87039),(69,2,1,9.87039),(69,3,1,9.87039),(69,1,2,9.87039),(69,2,2,9.87039),(69,3,2,9.87039),(69,1,3,9.87039),(69,2,3,9.87039),(69,3,3,9.87039),(69,1,4,9.87039),(69,2,4,9.87039),(69,3,4,9.87039),(70,1,1,13.5905),(70,2,1,13.7405),(70,3,1,13.5305),(70,1,2,13.5155),(70,2,2,13.7105),(70,3,2,13.5005),(70,1,3,13.5155),(70,2,3,13.5605),(70,3,3,13.5155),(70,1,4,13.5155),(70,2,4,13.4705),(70,3,4,13.0205),(71,1,1,10.4104),(71,2,1,10.4104),(71,3,1,10.4104),(71,1,2,10.4104),(71,2,2,10.4104),(71,3,2,10.4104),(71,1,3,10.4104),(71,2,3,10.4104),(71,3,3,10.4104),(71,1,4,10.4104),(71,2,4,10.4104),(71,3,4,10.4104),(72,1,1,13.5005),(72,2,1,11.5505),(72,3,1,13.5605),(72,1,2,12.5105),(72,2,2,11.5655),(72,3,2,13.5005),(72,1,3,11.5805),(72,2,3,11.5655),(72,3,3,3.66014),(72,1,4,13.2905),(72,2,4,11.5655),(72,3,4,11.5655),(73,1,1,9.99039),(73,2,1,9.96039),(73,3,1,9.99039),(73,1,2,9.99039),(73,2,2,9.96039),(73,3,2,9.99039),(73,1,3,9.99039),(73,2,3,9.96039),(73,3,3,9.99039),(73,1,4,9.99039),(73,2,4,9.99039),(73,3,4,9.99039),(74,1,1,7.83031),(74,2,1,7.92031),(74,3,1,7.83031),(74,1,2,7.83031),(74,2,2,7.86031),(74,3,2,7.83031),(74,1,3,7.6803),(74,2,3,7.7403),(74,3,3,7.86031),(74,1,4,7.83031),(74,2,4,7.8003),(74,3,4,7.7703),(75,1,1,8.04031),(75,2,1,12.6005),(75,3,1,10.3804),(75,1,2,10.3804),(75,2,2,12.6005),(75,3,2,7.92031),(75,1,3,10.3804),(75,2,3,10.3804),(75,3,3,8.58034),(75,1,4,10.3804),(75,2,4,10.3804),(75,3,4,10.3804),(76,1,1,6),(76,2,1,6),(76,3,1,6),(76,1,2,6),(76,2,2,6),(76,3,2,6),(76,1,3,6),(76,2,3,6),(76,3,3,6),(76,1,4,6),(76,2,4,6),(76,3,4,6),(77,1,1,10.6504),(77,2,1,12.5105),(77,3,1,10.6504),(77,1,2,10.6504),(77,2,2,12.5105),(77,3,2,10.6504),(77,1,3,10.6504),(77,2,3,10.6504),(77,3,3,10.6504),(77,1,4,10.6504),(77,2,4,10.6504),(77,3,4,10.6504),(78,1,1,9.63038),(78,2,1,9.63038),(78,3,1,9.63038),(78,1,2,9.63038),(78,2,2,9.63038),(78,3,2,9.63038),(78,1,3,9.63038),(78,2,3,9.63038),(78,3,3,9.63038),(78,1,4,9.63038),(78,2,4,9.63038),(78,3,4,8.94035),(79,1,1,10.8004),(79,2,1,10.8004),(79,3,1,10.0204),(79,1,2,10.8004),(79,2,2,11.0404),(79,3,2,10.8004),(79,1,3,12.3905),(79,2,3,10.8004),(79,3,3,10.8004),(79,1,4,10.7704),(79,2,4,10.8004),(79,3,4,10.8004),(80,1,1,13.3505),(80,2,1,13.3655),(80,3,1,13.3805),(80,1,2,13.3505),(80,2,2,13.3505),(80,3,2,13.3805),(80,1,3,13.3505),(80,2,3,13.3505),(80,3,3,13.3655),(80,1,4,13.4105),(80,2,4,13.3505),(80,3,4,13.3805),(81,1,1,13.2305),(81,2,1,13.2605),(81,3,1,13.2605),(81,1,2,13.2305),(81,2,2,13.2605),(81,3,2,13.2305),(81,1,3,13.2305),(81,2,3,13.2605),(81,3,3,13.2605),(81,1,4,13.2605),(81,2,4,13.2605),(81,3,4,13.2605),(82,1,1,12.8105),(82,2,1,12.8105),(82,3,1,12.8105),(82,1,2,12.8105),(82,2,2,12.8105),(82,3,2,12.8105),(82,1,3,12.8105),(82,2,3,12.8105),(82,3,3,12.8105),(82,1,4,12.8105),(82,2,4,12.8105),(82,3,4,12.8105),(83,1,1,14.3106),(83,2,1,14.3106),(83,3,1,14.3106),(83,1,2,14.3106),(83,2,2,14.3106),(83,3,2,14.3106),(83,1,3,14.3106),(83,2,3,14.3106),(83,3,3,14.2506),(83,1,4,14.3106),(83,2,4,14.3106),(83,3,4,14.3106),(84,1,1,14.0105),(84,2,1,13.8905),(84,3,1,13.9805),(84,1,2,14.0105),(84,2,2,13.8905),(84,3,2,14.0405),(84,1,3,14.2206),(84,2,3,14.0105),(84,3,3,14.0405),(84,1,4,14.2206),(84,2,4,14.0105),(84,3,4,13.9805),(85,1,1,11.5805),(85,2,1,11.5805),(85,3,1,11.5805),(85,1,2,11.5805),(85,2,2,11.5805),(85,3,2,11.5505),(85,1,3,11.5805),(85,2,3,11.5505),(85,3,3,11.5505),(85,1,4,11.5805),(85,2,4,11.5505),(85,3,4,11.5805),(86,1,1,15.0906),(86,2,1,15.0906),(86,3,1,15.0906),(86,1,2,15.0906),(86,2,2,15.0906),(86,3,2,15.0906),(86,1,3,15.0906),(86,2,3,15.0906),(86,3,3,15.0906),(86,1,4,15.0906),(86,2,4,15.0906),(86,3,4,15.0906),(87,1,1,13.2305),(87,2,1,13.2905),(87,3,1,13.2605),(87,1,2,13.2305),(87,2,2,13.2905),(87,3,2,13.2905),(87,1,3,13.2305),(87,2,3,13.2905),(87,3,3,13.2605),(87,1,4,13.2305),(87,2,4,13.2305),(87,3,4,13.2305),(88,1,1,16.9507),(88,2,1,16.7407),(88,3,1,16.2006),(88,1,2,16.9507),(88,2,2,16.7407),(88,3,2,16.2006),(88,1,3,16.9507),(88,2,3,15.8706),(88,3,3,16.4706),(88,1,4,15.8106),(88,2,4,16.7407),(88,3,4,16.1706),(89,1,1,12.5105),(89,2,1,12.5405),(89,3,1,12.6005),(89,1,2,12.5405),(89,2,2,12.4205),(89,3,2,12.4205),(89,1,3,12.5705),(89,2,3,12.4205),(89,3,3,12.6605),(89,1,4,12.6305),(89,2,4,12.4205),(89,3,4,12.6305),(90,1,1,16.0656),(90,2,1,16.0656),(90,3,1,16.0656),(90,1,2,16.0656),(90,2,2,16.2006),(90,3,2,16.0656),(90,1,3,15.9306),(90,2,3,16.2006),(90,3,3,15.9006),(90,1,4,16.2006),(90,2,4,16.0656),(90,3,4,15.9006),(91,1,1,11.4604),(91,2,1,11.4304),(91,3,1,11.4604),(91,1,2,11.4604),(91,2,2,11.4304),(91,3,2,11.4304),(91,1,3,11.4304),(91,2,3,11.4304),(91,3,3,11.4604),(91,1,4,11.4604),(91,2,4,11.4454),(91,3,4,11.4304),(92,1,1,13.0805),(92,2,1,13.0805),(92,3,1,13.1105),(92,1,2,13.0805),(92,2,2,13.1105),(92,3,2,13.0805),(92,1,3,13.0805),(92,2,3,13.1105),(92,3,3,13.0805),(92,1,4,13.0805),(92,2,4,13.0805),(92,3,4,13.0805),(93,1,1,12.9305),(93,2,1,13.0055),(93,3,1,13.0055),(93,1,2,12.9905),(93,2,2,13.0055),(93,3,2,13.2305),(93,1,3,12.9305),(93,2,3,13.0055),(93,3,3,13.0205),(93,1,4,12.8705),(93,2,4,12.9605),(93,3,4,12.9605),(94,1,1,11.9705),(94,2,1,11.9705),(94,3,1,12.0005),(94,1,2,11.9705),(94,2,2,11.9705),(94,3,2,12.0005),(94,1,3,11.9705),(94,2,3,11.9705),(94,3,3,12.0905),(94,1,4,11.9705),(94,2,4,11.9705),(94,3,4,11.9705),(95,1,1,13.4855),(95,2,1,13.4855),(95,3,1,13.3805),(95,1,2,13.4855),(95,2,2,13.4855),(95,3,2,13.4855),(95,1,3,13.6205),(95,2,3,13.4855),(95,3,3,13.5905),(95,1,4,13.5905),(95,2,4,13.4855),(95,3,4,13.5905),(96,1,1,8.04031),(96,2,1,8.04031),(96,3,1,8.16032),(96,1,2,8.19032),(96,2,2,8.01031),(96,3,2,8.07032),(96,1,3,7.95031),(96,2,3,8.07032),(96,3,3,7.98031),(96,1,4,8.07032),(96,2,4,8.07032),(96,3,4,8.07032),(97,1,1,12.5105),(97,2,1,12.5105),(97,3,1,12.5105),(97,1,2,12.5105),(97,2,2,12.5105),(97,3,2,12.5105),(97,1,3,12.5105),(97,2,3,12.5105),(97,3,3,12.5105),(97,1,4,12.5105),(97,2,4,12.5105),(97,3,4,12.5105),(98,1,1,10.6504),(98,2,1,10.4104),(98,3,1,10.6504),(98,1,2,10.6504),(98,2,2,10.6504),(98,3,2,10.6504),(98,1,3,10.6504),(98,2,3,10.6504),(98,3,3,10.6504),(98,1,4,10.6504),(98,2,4,10.6504),(98,3,4,10.6504),(99,1,1,11.7005),(99,2,1,11.7005),(99,3,1,11.7005),(99,1,2,11.7005),(99,2,2,11.7005),(99,3,2,11.7005),(99,1,3,11.7005),(99,2,3,11.7605),(99,3,3,11.7005),(99,1,4,11.7005),(99,2,4,11.7005),(99,3,4,11.7005),(100,1,1,5.97023),(100,2,1,7.29028),(100,3,1,7.32029),(100,1,2,6.63026),(100,2,2,6.63026),(100,3,2,5.97023),(100,1,3,5.97023),(100,2,3,6.63026),(100,3,3,6.63026),(100,1,4,7.29028),(100,2,4,7.29028),(100,3,4,7.29028),(101,1,1,13.2905),(101,2,1,13.2905),(101,3,1,13.2905),(101,1,2,13.2905),(101,2,2,13.2905),(101,3,2,13.2905),(101,1,3,13.2905),(101,2,3,13.2905),(101,3,3,13.5305),(101,1,4,13.5605),(101,2,4,13.2905),(101,3,4,13.2905),(102,1,1,10.7404),(102,2,1,10.7404),(102,3,1,10.7404),(102,1,2,10.7404),(102,2,2,10.7404),(102,3,2,10.7404),(102,1,3,10.7404),(102,2,3,10.7404),(102,3,3,10.7404),(102,1,4,10.7404),(102,2,4,10.7404),(102,3,4,10.7404),(103,1,1,12.0905),(103,2,1,11.8805),(103,3,1,11.8805),(103,1,2,12.0905),(103,2,2,11.9855),(103,3,2,11.8805),(103,1,3,12.0905),(103,2,3,11.8805),(103,3,3,11.9855),(103,1,4,12.0905),(103,2,4,12.0905),(103,3,4,12.0905),(104,1,1,12.8705),(104,2,1,12.8705),(104,3,1,12.8705),(104,1,2,12.8705),(104,2,2,12.8705),(104,3,2,12.8705),(104,1,3,12.8705),(104,2,3,12.8705),(104,3,3,12.8705),(104,1,4,12.8705),(104,2,4,12.8705),(104,3,4,12.8705),(105,1,1,12.9305),(105,2,1,12.9305),(105,3,1,12.9305),(105,1,2,12.9305),(105,2,2,12.9305),(105,3,2,12.9305),(105,1,3,12.9305),(105,2,3,12.9305),(105,3,3,12.9305),(105,1,4,12.9305),(105,2,4,12.9305),(105,3,4,12.9305),(106,1,1,11.6705),(106,2,1,11.6705),(106,3,1,10.4104),(106,1,2,11.6705),(106,2,2,11.0405),(106,3,2,10.4104),(106,1,3,11.0405),(106,2,3,11.0405),(106,3,3,11.0405),(106,1,4,11.6705),(106,2,4,11.6705),(106,3,4,11.6705),(107,1,1,13.1405),(107,2,1,13.1405),(107,3,1,13.1405),(107,1,2,13.1405),(107,2,2,13.1405),(107,3,2,13.0805),(107,1,3,13.0805),(107,2,3,13.0805),(107,3,3,13.0805),(107,1,4,13.0205),(107,2,4,13.0205),(107,3,4,13.0205),(108,1,1,17.7907),(108,2,1,17.8207),(108,3,1,17.8207),(108,1,2,17.7907),(108,2,2,17.8207),(108,3,2,17.8207),(108,1,3,17.7907),(108,2,3,17.8207),(108,3,3,17.8057),(108,1,4,17.7907),(108,2,4,17.7607),(108,3,4,17.8207),(109,1,1,17.1907),(109,2,1,17.1907),(109,3,1,17.1907),(109,1,2,17.1907),(109,2,2,17.1907),(109,3,2,17.1907),(109,1,3,17.1907),(109,2,3,17.1907),(109,3,3,17.1907),(109,1,4,17.1907),(109,2,4,17.1907),(109,3,4,17.1907),(110,1,1,6.36025),(110,2,1,6.33025),(110,3,1,6.33025),(110,1,2,6.36025),(110,2,2,6.33025),(110,3,2,6.33025),(110,1,3,6.36025),(110,2,3,6.36025),(110,3,3,6.36025),(110,1,4,6.36025),(110,2,4,6.33025),(110,3,4,6.36025),(111,1,1,10.4104),(111,2,1,10.4104),(111,3,1,10.4404),(111,1,2,10.4104),(111,2,2,10.4104),(111,3,2,10.4404),(111,1,3,10.4104),(111,2,3,10.4104),(111,3,3,10.5004),(111,1,4,10.4104),(111,2,4,10.4104),(111,3,4,10.4104),(112,1,1,6.81027),(112,2,1,6.90027),(112,3,1,6.87027),(112,1,2,6.90027),(112,2,2,7.20028),(112,3,2,6.87027),(112,1,3,6.84027),(112,2,3,6.87027),(112,3,3,7.20028),(112,1,4,6.90027),(112,2,4,6.90027),(112,3,4,6.90027),(113,1,1,13.2005),(113,2,1,13.2005),(113,3,1,13.2005),(113,1,2,13.2005),(113,2,2,13.2005),(113,3,2,13.2005),(113,1,3,12.4205),(113,2,3,13.3805),(113,3,3,13.2005),(113,1,4,12.4505),(113,2,4,12.4505),(113,3,4,12.4505),(114,1,1,13.6205),(114,2,1,13.6205),(114,3,1,13.6205),(114,1,2,13.6505),(114,2,2,13.6205),(114,3,2,13.6205),(114,1,3,13.6205),(114,2,3,13.6205),(114,3,3,13.6205),(114,1,4,13.6205),(114,2,4,13.6505),(114,3,4,13.6505),(115,1,1,8.79034),(115,2,1,8.79034),(115,3,1,8.79034),(115,1,2,8.79034),(115,2,2,8.79034),(115,3,2,8.79034),(115,1,3,8.79034),(115,2,3,8.79034),(115,3,3,8.79034),(115,1,4,8.79034),(115,2,4,8.79034),(115,3,4,8.79034),(116,1,1,10.8304),(116,2,1,10.8304),(116,3,1,10.8304),(116,1,2,10.8304),(116,2,2,10.8304),(116,3,2,10.8304),(116,1,3,10.8304),(116,2,3,10.8304),(116,3,3,10.8304),(116,1,4,10.8304),(116,2,4,10.8304),(116,3,4,10.8304),(117,1,1,6.96027),(117,2,1,7.02027),(117,3,1,6.99027),(117,1,2,6.99027),(117,2,2,6.96027),(117,3,2,6.96027),(117,1,3,6.96027),(117,2,3,6.99027),(117,3,3,6.99027),(117,1,4,6.99027),(117,2,4,6.99027),(117,3,4,6.99027),(118,1,1,10.8904),(118,2,1,10.8904),(118,3,1,10.8904),(118,1,2,10.8904),(118,2,2,10.8904),(118,3,2,10.8904),(118,1,3,10.8904),(118,2,3,10.8904),(118,3,3,10.8904),(118,1,4,10.8904),(118,2,4,10.8904),(118,3,4,10.8904),(119,1,1,11.6105),(119,2,1,11.6105),(119,3,1,11.6105),(119,1,2,11.6105),(119,2,2,11.6105),(119,3,2,11.6105),(119,1,3,11.6105),(119,2,3,11.6105),(119,3,3,11.6105),(119,1,4,11.6105),(119,2,4,11.6105),(119,3,4,11.6105),(120,1,1,12.9005),(120,2,1,12.9005),(120,3,1,12.9005),(120,1,2,12.9005),(120,2,2,12.9005),(120,3,2,12.9005),(120,1,3,12.9005),(120,2,3,12.9005),(120,3,3,12.9005),(120,1,4,12.9005),(120,2,4,12.9005),(120,3,4,12.9005),(121,1,1,11.4004),(121,2,1,12.7205),(121,3,1,11.4004),(121,1,2,11.4004),(121,2,2,12.7205),(121,3,2,11.4004),(121,1,3,12.7205),(121,2,3,12.7205),(121,3,3,12.0604),(121,1,4,12.7205),(121,2,4,12.7205),(121,3,4,11.4004),(122,1,1,9.07535),(122,2,1,9.09035),(122,3,1,9.09035),(122,1,2,9.06035),(122,2,2,9.09035),(122,3,2,9.09035),(122,1,3,9.06035),(122,2,3,9.07535),(122,3,3,9.06035),(122,1,4,9.03035),(122,2,4,9.03035),(122,3,4,9.03035),(123,1,1,14.2806),(123,2,1,14.2806),(123,3,1,14.2806),(123,1,2,14.2506),(123,2,2,14.2806),(123,3,2,14.2806),(123,1,3,14.2806),(123,2,3,14.2806),(123,3,3,14.2806),(123,1,4,14.2806),(123,2,4,14.2806),(123,3,4,14.2806),(124,1,1,15.6306),(124,2,1,15.6306),(124,3,1,15.6306),(124,1,2,15.6306),(124,2,2,15.6306),(124,3,2,15.6306),(124,1,3,15.6306),(124,2,3,15.6306),(124,3,3,15.6306),(124,1,4,15.6306),(124,2,4,15.6306),(124,3,4,15.6306),(125,1,1,17.8207),(125,2,1,17.8207),(125,3,1,17.8207),(125,1,2,17.8207),(125,2,2,17.8207),(125,3,2,17.8207),(125,1,3,17.8207),(125,2,3,17.8207),(125,3,3,16.6507),(125,1,4,17.8207),(125,2,4,17.8207),(125,3,4,17.8207),(126,1,1,11.9705),(126,2,1,12.0305),(126,3,1,12.0005),(126,1,2,11.9705),(126,2,2,12.0305),(126,3,2,12.0005),(126,1,3,11.9705),(126,2,3,11.9705),(126,3,3,11.9855),(126,1,4,12.0905),(126,2,4,12.1205),(126,3,4,11.8205),(127,1,1,12.3605),(127,2,1,12.3605),(127,3,1,12.3605),(127,1,2,12.3605),(127,2,2,12.3605),(127,3,2,12.3605),(127,1,3,12.3605),(127,2,3,12.3605),(127,3,3,12.3605),(127,1,4,12.3605),(127,2,4,12.3605),(127,3,4,12.3605),(128,1,1,13.8605),(128,2,1,13.8605),(128,3,1,13.8605),(128,1,2,13.8605),(128,2,2,13.8605),(128,3,2,13.8605),(128,1,3,13.8605),(128,2,3,13.8605),(128,3,3,13.8605),(128,1,4,13.8605),(128,2,4,13.8605),(128,3,4,13.8605),(129,1,1,7.11028),(129,2,1,7.11028),(129,3,1,7.11028),(129,1,2,7.11028),(129,2,2,7.11028),(129,3,2,7.11028),(129,1,3,7.11028),(129,2,3,7.11028),(129,3,3,7.11028),(129,1,4,7.11028),(129,2,4,7.11028),(129,3,4,7.11028),(130,1,1,14.4006),(130,2,1,14.4006),(130,3,1,14.4006),(130,1,2,14.4006),(130,2,2,14.4006),(130,3,2,14.4306),(130,1,3,14.4006),(130,2,3,14.4006),(130,3,3,14.4006),(130,1,4,14.4006),(130,2,4,14.4006),(130,3,4,14.4006),(131,1,1,12.3605),(131,2,1,12.4205),(131,3,1,12.4205),(131,1,2,12.3605),(131,2,2,12.3605),(131,3,2,12.4205),(131,1,3,12.3605),(131,2,3,12.3605),(131,3,3,12.3605),(131,1,4,12.3605),(131,2,4,12.3605),(131,3,4,12.3605),(132,1,1,16.5006),(132,2,1,16.5006),(132,3,1,16.5006),(132,1,2,16.5006),(132,2,2,16.5006),(132,3,2,16.5006),(132,1,3,16.5006),(132,2,3,16.5006),(132,3,3,16.4706),(132,1,4,16.5006),(132,2,4,16.5006),(132,3,4,16.5006),(133,1,1,9.96039),(133,2,1,10.0504),(133,3,1,10.0354),(133,1,2,10.0204),(133,2,2,10.0504),(133,3,2,10.0354),(133,1,3,10.0354),(133,2,3,10.1404),(133,3,3,10.0354),(133,1,4,10.0204),(133,2,4,10.0204),(133,3,4,10.0204),(134,1,1,12.1205),(134,2,1,12.2555),(134,3,1,12.2555),(134,1,2,12.3905),(134,2,2,12.2555),(134,3,2,12.2555),(134,1,3,12.3905),(134,2,3,12.2555),(134,3,3,12.3905),(134,1,4,12.3905),(134,2,4,12.3905),(134,3,4,12.3905),(135,1,1,14.7606),(135,2,1,16.1406),(135,3,1,16.2006),(135,1,2,14.7606),(135,2,2,16.1406),(135,3,2,14.7606),(135,1,3,14.7606),(135,2,3,16.1406),(135,3,3,15.4506),(135,1,4,16.1406),(135,2,4,16.1406),(135,3,4,15.4506),(136,1,1,11.7905),(136,2,1,10.4104),(136,3,1,10.4404),(136,1,2,10.4404),(136,2,2,10.4404),(136,3,2,10.4404),(136,1,3,10.4404),(136,2,3,10.4404),(136,3,3,10.4404),(136,1,4,10.4404),(136,2,4,10.4404),(136,3,4,10.4404),(137,1,1,15.7356),(137,2,1,15.7206),(137,3,1,15.7356),(137,1,2,15.7356),(137,2,2,15.7206),(137,3,2,15.7356),(137,1,3,15.7356),(137,2,3,15.7206),(137,3,3,15.7356),(137,1,4,15.7206),(137,2,4,15.7206),(137,3,4,15.7206),(138,1,1,13.1105),(138,2,1,13.1105),(138,3,1,13.1105),(138,1,2,13.1105),(138,2,2,13.0805),(138,3,2,13.1105),(138,1,3,13.2605),(138,2,3,13.2905),(138,3,3,13.1105),(138,1,4,13.1105),(138,2,4,13.1105),(138,3,4,13.1105),(139,1,1,11.3404),(139,2,1,11.3404),(139,3,1,11.3104),(139,1,2,11.3404),(139,2,2,11.3404),(139,3,2,11.3404),(139,1,3,11.3404),(139,2,3,11.3404),(139,3,3,11.3104),(139,1,4,11.3104),(139,2,4,11.3404),(139,3,4,11.3404),(140,1,1,6.24024),(140,2,1,6.24024),(140,3,1,6.24024),(140,1,2,6.24024),(140,2,2,6.24024),(140,3,2,6.24024),(140,1,3,6.24024),(140,2,3,6.24024),(140,3,3,6.24024),(140,1,4,6.24024),(140,2,4,6.24024),(140,3,4,6.24024),(141,1,1,12.5105),(141,2,1,12.5105),(141,3,1,12.5105),(141,1,2,12.4805),(141,2,2,12.5105),(141,3,2,12.5105),(141,1,3,12.4805),(141,2,3,12.5105),(141,3,3,12.4805),(141,1,4,12.4805),(141,2,4,12.5105),(141,3,4,12.5105),(142,1,1,17.2507),(142,2,1,17.2507),(142,3,1,17.2507),(142,1,2,17.2507),(142,2,2,17.2507),(142,3,2,17.2507),(142,1,3,17.2507),(142,2,3,17.2507),(142,3,3,17.2507),(142,1,4,17.2507),(142,2,4,17.2507),(142,3,4,17.2507),(143,1,1,14.0405),(143,2,1,14.0405),(143,3,1,14.0405),(143,1,2,14.0405),(143,2,2,14.0405),(143,3,2,11.7005),(143,1,3,14.0405),(143,2,3,11.7005),(143,3,3,14.0405),(143,1,4,14.0405),(143,2,4,14.0405),(143,3,4,14.0405),(144,1,1,17.1907),(144,2,1,17.1907),(144,3,1,17.1907),(144,1,2,17.1907),(144,2,2,17.1907),(144,3,2,17.1907),(144,1,3,17.1907),(144,2,3,17.1907),(144,3,3,17.1907),(144,1,4,17.1907),(144,2,4,17.1907),(144,3,4,17.1907),(145,1,1,10.7704),(145,2,1,10.7704),(145,3,1,10.7704),(145,1,2,10.7704),(145,2,2,10.7704),(145,3,2,10.7704),(145,1,3,10.7704),(145,2,3,10.7704),(145,3,3,10.7704),(145,1,4,9.84038),(145,2,4,9.84038),(145,3,4,9.84038),(146,1,1,13.1105),(146,2,1,13.1105),(146,3,1,13.1105),(146,1,2,13.1105),(146,2,2,13.1105),(146,3,2,13.1105),(146,1,3,13.1105),(146,2,3,13.1105),(146,3,3,13.1105),(146,1,4,13.1105),(146,2,4,13.1105),(146,3,4,13.1105),(147,1,1,12.0005),(147,2,1,12.0305),(147,3,1,12.0305),(147,1,2,12.0005),(147,2,2,12.0305),(147,3,2,12.0305),(147,1,3,12.0305),(147,2,3,12.0305),(147,3,3,12.0305),(147,1,4,12.0305),(147,2,4,12.0305),(147,3,4,12.0305),(148,1,1,13.8005),(148,2,1,13.7405),(148,3,1,13.7405),(148,1,2,13.8005),(148,2,2,13.7405),(148,3,2,13.8305),(148,1,3,13.8305),(148,2,3,13.8005),(148,3,3,13.8305),(148,1,4,13.8005),(148,2,4,13.7405),(148,3,4,13.8305),(149,1,1,14.1606),(149,2,1,14.1456),(149,3,1,14.1606),(149,1,2,14.1606),(149,2,2,14.1456),(149,3,2,13.8605),(149,1,3,14.1606),(149,2,3,14.1456),(149,3,3,14.1306),(149,1,4,14.1606),(149,2,4,14.1456),(149,3,4,13.7705),(150,1,1,5.28021),(150,2,1,5.34021),(150,3,1,5.37021),(150,1,2,5.28021),(150,2,2,5.34021),(150,3,2,5.34021),(150,1,3,5.34021),(150,2,3,5.34021),(150,3,3,5.37021),(150,1,4,5.34021),(150,2,4,5.34021),(150,3,4,5.37021),(151,1,1,9.06035),(151,2,1,9.03035),(151,3,1,9.10536),(151,1,2,9.15036),(151,2,2,9.03035),(151,3,2,9.10536),(151,1,3,9.15036),(151,2,3,9.15036),(151,3,3,9.10536),(151,1,4,9.15036),(151,2,4,9.15036),(151,3,4,9.15036),(152,1,1,16.1406),(152,2,1,16.1406),(152,3,1,16.1406),(152,1,2,16.1406),(152,2,2,16.1406),(152,3,2,16.1406),(152,1,3,16.1406),(152,2,3,16.1406),(152,3,3,16.1706),(152,1,4,16.1406),(152,2,4,16.1406),(152,3,4,16.1406),(153,1,1,9.57037),(153,2,1,9.57037),(153,3,1,9.51037),(153,1,2,9.57037),(153,2,2,9.51037),(153,3,2,9.51037),(153,1,3,9.51037),(153,2,3,9.51037),(153,3,3,9.54037),(153,1,4,9.51037),(153,2,4,9.52537),(153,3,4,9.57037),(154,1,1,11.8205),(154,2,1,11.8205),(154,3,1,11.8205),(154,1,2,11.8205),(154,2,2,11.8205),(154,3,2,11.8205),(154,1,3,11.8205),(154,2,3,11.8205),(154,3,3,11.8205),(154,1,4,11.8205),(154,2,4,11.8205),(154,3,4,11.8205),(155,1,1,12.3305),(155,2,1,12.3005),(155,3,1,12.3005),(155,1,2,12.3305),(155,2,2,12.3005),(155,3,2,12.3005),(155,1,3,12.3305),(155,2,3,12.3005),(155,3,3,12.3005),(155,1,4,12.3005),(155,2,4,12.3005),(155,3,4,12.3005),(156,1,1,9.33036),(156,2,1,9.33036),(156,3,1,9.33036),(156,1,2,9.33036),(156,2,2,9.33036),(156,3,2,9.33036),(156,1,3,9.33036),(156,2,3,9.33036),(156,3,3,9.33036),(156,1,4,9.33036),(156,2,4,9.33036),(156,3,4,9.33036),(157,1,1,13.0805),(157,2,1,12.7805),(157,3,1,12.8405),(157,1,2,12.7805),(157,2,2,12.6605),(157,3,2,12.6605),(157,1,3,13.1405),(157,2,3,13.1405),(157,3,3,12.6605),(157,1,4,12.7205),(157,2,4,12.7805),(157,3,4,12.7805),(158,1,1,10.3204),(158,2,1,10.3204),(158,3,1,10.3204),(158,1,2,10.3204),(158,2,2,10.3204),(158,3,2,10.3204),(158,1,3,10.3204),(158,2,3,10.3204),(158,3,3,10.3204),(158,1,4,10.3204),(158,2,4,10.3204),(158,3,4,10.3204),(159,1,1,10.3354),(159,2,1,10.3204),(159,3,1,10.3354),(159,1,2,10.3354),(159,2,2,10.3504),(159,3,2,10.3354),(159,1,3,10.3204),(159,2,3,10.3504),(159,3,3,10.3354),(159,1,4,10.3354),(159,2,4,10.3204),(159,3,4,10.3354),(160,1,1,9.78038),(160,2,1,9.72038),(160,3,1,9.72038),(160,1,2,9.78038),(160,2,2,9.76538),(160,3,2,9.72038),(160,1,3,9.72038),(160,2,3,9.78038),(160,3,3,9.75038),(160,1,4,9.78038),(160,2,4,9.78038),(160,3,4,9.72038),(161,1,1,9.15036),(161,2,1,9.15036),(161,3,1,9.15036),(161,1,2,9.15036),(161,2,2,9.15036),(161,3,2,9.15036),(161,1,3,9.09035),(161,2,3,9.15036),(161,3,3,9.15036),(161,1,4,9.15036),(161,2,4,9.15036),(161,3,4,9.15036),(162,1,1,14.7006),(162,2,1,14.6406),(162,3,1,14.7006),(162,1,2,14.6406),(162,2,2,14.6406),(162,3,2,14.7006),(162,1,3,14.7006),(162,2,3,14.6406),(162,3,3,14.7006),(162,1,4,14.7006),(162,2,4,14.7006),(162,3,4,14.7006),(163,1,1,12.9005),(163,2,1,12.9005),(163,3,1,12.9005),(163,1,2,12.9005),(163,2,2,12.9005),(163,3,2,12.9005),(163,1,3,12.9005),(163,2,3,12.9005),(163,3,3,12.9005),(163,1,4,12.9005),(163,2,4,12.9005),(163,3,4,12.9005),(164,1,1,10.0204),(164,2,1,10.0504),(164,3,1,10.0504),(164,1,2,10.0204),(164,2,2,10.0504),(164,3,2,10.0504),(164,1,3,10.0504),(164,2,3,10.0504),(164,3,3,10.0354),(164,1,4,10.0354),(164,2,4,10.0354),(164,3,4,10.0354),(165,1,1,15.6906),(165,2,1,15.6906),(165,3,1,15.6906),(165,1,2,15.6906),(165,2,2,15.6906),(165,3,2,15.6906),(165,1,3,15.6606),(165,2,3,15.6906),(165,3,3,15.6906),(165,1,4,15.6606),(165,2,4,15.6906),(165,3,4,15.6906),(166,1,1,13.2605),(166,2,1,13.2605),(166,3,1,13.2605),(166,1,2,13.2605),(166,2,2,13.2605),(166,3,2,13.2605),(166,1,3,13.2605),(166,2,3,13.2605),(166,3,3,13.2605),(166,1,4,13.2905),(166,2,4,13.2905),(166,3,4,13.2905),(167,1,1,11.7605),(167,2,1,11.7155),(167,3,1,11.7155),(167,1,2,11.7605),(167,2,2,11.7155),(167,3,2,11.7155),(167,1,3,11.7605),(167,2,3,11.6705),(167,3,3,11.7155),(167,1,4,11.6405),(167,2,4,11.6705),(167,3,4,11.7155),(168,1,1,10.1404),(168,2,1,10.1704),(168,3,1,10.1704),(168,1,2,10.1404),(168,2,2,10.1704),(168,3,2,10.1704),(168,1,3,10.1704),(168,2,3,10.1704),(168,3,3,10.1704),(168,1,4,10.1704),(168,2,4,10.1704),(168,3,4,10.1704),(169,1,1,9.15036),(169,2,1,9.15036),(169,3,1,9.15036),(169,1,2,9.15036),(169,2,2,9.15036),(169,3,2,9.15036),(169,1,3,9.15036),(169,2,3,9.15036),(169,3,3,9.15036),(169,1,4,9.15036),(169,2,4,9.15036),(169,3,4,9.15036),(170,1,1,11.6705),(170,2,1,11.6705),(170,3,1,11.6705),(170,1,2,11.6705),(170,2,2,11.6705),(170,3,2,11.7005),(170,1,3,11.6705),(170,2,3,11.6705),(170,3,3,11.7305),(170,1,4,11.6705),(170,2,4,11.6705),(170,3,4,11.6705),(171,1,1,11.5204),(171,2,1,11.5204),(171,3,1,11.5204),(171,1,2,11.5505),(171,2,2,11.5204),(171,3,2,11.5204),(171,1,3,11.5204),(171,2,3,11.5204),(171,3,3,11.5204),(171,1,4,11.5204),(171,2,4,11.5204),(171,3,4,11.5505),(172,1,1,13.5305),(172,2,1,13.4705),(172,3,1,13.4705),(172,1,2,13.5155),(172,2,2,13.4705),(172,3,2,13.5005),(172,1,3,13.5005),(172,2,3,13.5305),(172,3,3,13.5155),(172,1,4,13.5305),(172,2,4,13.5305),(172,3,4,13.5305),(173,1,1,11.3704),(173,2,1,11.3704),(173,3,1,11.3704),(173,1,2,11.3704),(173,2,2,10.9204),(173,3,2,11.3704),(173,1,3,11.3704),(173,2,3,10.9204),(173,3,3,11.3704),(173,1,4,11.3704),(173,2,4,11.4004),(173,3,4,11.3704),(174,1,1,7.09528),(174,2,1,7.08028),(174,3,1,7.08028),(174,1,2,7.09528),(174,2,2,7.11028),(174,3,2,7.08028),(174,1,3,7.11028),(174,2,3,7.08028),(174,3,3,6.93027),(174,1,4,7.11028),(174,2,4,7.09528),(174,3,4,6.96027),(175,1,1,13.2305),(175,2,1,13.2305),(175,3,1,13.2305),(175,1,2,13.2305),(175,2,2,13.2305),(175,3,2,13.2305),(175,1,3,13.2305),(175,2,3,13.2305),(175,3,3,13.2305),(175,1,4,13.2305),(175,2,4,13.2305),(175,3,4,13.2305),(176,1,1,10.0504),(176,2,1,10.0504),(176,3,1,9.81038),(176,1,2,10.0504),(176,2,2,10.0504),(176,3,2,9.81038),(176,1,3,10.0504),(176,2,3,9.81038),(176,3,3,9.81038),(176,1,4,9.81038),(176,2,4,10.0504),(176,3,4,9.81038),(177,1,1,12.5405),(177,2,1,12.5405),(177,3,1,12.5405),(177,1,2,12.5405),(177,2,2,12.5405),(177,3,2,12.5405),(177,1,3,12.5405),(177,2,3,12.5405),(177,3,3,12.5405),(177,1,4,12.5405),(177,2,4,12.5405),(177,3,4,12.5405),(178,1,1,8.97035),(178,2,1,8.97035),(178,3,1,8.97035),(178,1,2,8.97035),(178,2,2,8.97035),(178,3,2,8.97035),(178,1,3,8.97035),(178,2,3,8.97035),(178,3,3,8.73034),(178,1,4,8.97035),(178,2,4,8.97035),(178,3,4,8.97035),(179,1,1,10.3804),(179,2,1,10.4404),(179,3,1,10.4704),(179,1,2,10.3804),(179,2,2,10.4404),(179,3,2,10.3804),(179,1,3,10.0504),(179,2,3,10.4404),(179,3,3,10.4404),(179,1,4,10.4404),(179,2,4,10.4404),(179,3,4,10.4404),(180,1,1,12.5105),(180,2,1,12.5105),(180,3,1,12.3305),(180,1,2,12.5105),(180,2,2,12.3605),(180,3,2,12.3305),(180,1,3,12.5105),(180,2,3,12.3305),(180,3,3,12.3305),(180,1,4,12.3605),(180,2,4,12.3605),(180,3,4,12.3305),(181,1,1,11.0704),(181,2,1,11.1004),(181,3,1,11.0704),(181,1,2,11.0704),(181,2,2,11.6105),(181,3,2,11.0704),(181,1,3,11.0704),(181,2,3,11.1304),(181,3,3,11.0404),(181,1,4,11.6105),(181,2,4,11.1004),(181,3,4,11.6105),(182,1,1,12.9905),(182,2,1,13.0205),(182,3,1,13.0205),(182,1,2,12.9905),(182,2,2,12.9905),(182,3,2,13.0205),(182,1,3,12.9905),(182,2,3,13.0205),(182,3,3,12.9905),(182,1,4,12.9905),(182,2,4,12.9605),(182,3,4,12.9905),(183,1,1,9.42037),(183,2,1,9.51037),(183,3,1,9.51037),(183,1,2,9.42037),(183,2,2,9.42037),(183,3,2,9.51037),(183,1,3,9.42037),(183,2,3,9.42037),(183,3,3,9.42037),(183,1,4,9.42037),(183,2,4,9.42037),(183,3,4,9.42037),(184,1,1,10.3054),(184,2,1,10.3054),(184,3,1,10.0204),(184,1,2,10.3054),(184,2,2,10.2904),(184,3,2,10.2604),(184,1,3,10.3204),(184,2,3,10.3504),(184,3,3,10.3204),(184,1,4,10.3504),(184,2,4,10.3504),(184,3,4,10.3204),(185,1,1,9.90039),(185,2,1,9.90039),(185,3,1,9.90039),(185,1,2,9.90039),(185,2,2,9.90039),(185,3,2,9.90039),(185,1,3,9.90039),(185,2,3,9.90039),(185,3,3,9.90039),(185,1,4,9.90039),(185,2,4,9.90039),(185,3,4,9.90039),(186,1,1,11.8205),(186,2,1,11.5805),(186,3,1,11.5505),(186,1,2,11.8205),(186,2,2,11.5505),(186,3,2,11.5505),(186,1,3,11.8205),(186,2,3,11.5505),(186,3,3,11.5655),(186,1,4,11.5505),(186,2,4,11.6105),(186,3,4,11.6105),(187,1,1,16.5906),(187,2,1,16.5906),(187,3,1,15.8406),(187,1,2,16.5906),(187,2,2,16.5906),(187,3,2,15.8406),(187,1,3,16.5906),(187,2,3,16.5906),(187,3,3,15.9006),(187,1,4,16.5906),(187,2,4,16.5906),(187,3,4,16.5906),(188,1,1,14.1306),(188,2,1,14.1306),(188,3,1,14.1306),(188,1,2,14.1306),(188,2,2,14.1306),(188,3,2,14.1306),(188,1,3,12.3305),(188,2,3,12.3305),(188,3,3,12.3305),(188,1,4,12.3305),(188,2,4,12.3305),(188,3,4,12.3305),(189,1,1,12.9905),(189,2,1,12.9905),(189,3,1,12.9905),(189,1,2,12.9905),(189,2,2,12.9905),(189,3,2,12.9905),(189,1,3,12.9905),(189,2,3,12.9905),(189,3,3,12.9905),(189,1,4,12.9905),(189,2,4,12.9905),(189,3,4,12.9905);
/*!40000 ALTER TABLE `tmid` ENABLE KEYS */;
UNLOCK TABLES;
/*!40103 SET TIME_ZONE=@OLD_TIME_ZONE */;

/*!40101 SET SQL_MODE=@OLD_SQL_MODE */;
/*!40014 SET FOREIGN_KEY_CHECKS=@OLD_FOREIGN_KEY_CHECKS */;
/*!40014 SET UNIQUE_CHECKS=@OLD_UNIQUE_CHECKS */;
/*!40101 SET CHARACTER_SET_CLIENT=@OLD_CHARACTER_SET_CLIENT */;
/*!40101 SET CHARACTER_SET_RESULTS=@OLD_CHARACTER_SET_RESULTS */;
/*!40101 SET COLLATION_CONNECTION=@OLD_COLLATION_CONNECTION */;
/*!40111 SET SQL_NOTES=@OLD_SQL_NOTES */;

-- Dump completed on 2020-12-24  5:57:52
